9.94987,9.7511,9.54791,9.34007,9.12732,8.90934,
9.94987,9.75176,9.54795,9.33821,9.12228,8.89989,8.67072,8.43442,8.19063,7.9389,
9.94987,9.75435,9.54817,9.33112,9.10301,8.8636,8.61268,8.35003,8.0754,7.78855,7.48921,7.17713,6.85203,6.51361,6.16157,5.79561,5.41538,5.02055,
9.94987,9.76409,9.55022,9.30824,9.0382,8.74027,8.41472,8.06195,7.68249,7.27706,6.84653,6.39198,5.91472,5.41635,4.89873,4.36411,3.81513,3.25493,2.68723,2.11643,1.54781,0.987708,0.443814,-0.0744019,-0.555099,-0.983136,-1.3386,-1.59431,-1.7114,-1.63106,-1.26092,-0.485594,0.326282,-0.176642,0.0257144,
9.94987,9.79495,9.56927,9.27359,8.90925,8.47816,7.9829,7.42669,6.81342,6.14768,5.43478,4.68073,3.89225,3.0768,2.24249,1.39814,0.553187,-0.282349,-1.09792,-1.88253,-2.62485,-3.31332,-3.93629,-4.48222,-4.93985,-5.29849,-5.54824,-5.68038,-5.68773,-5.56513,-5.30991,-4.92261,-4.4076,-3.774,-3.03665,-2.21726,-1.34579,-0.461992,0.382811,1.12396,1.6821,1.96383,1.8693,1.32319,0.383439,-0.456432,-0.237338,0.356064,-0.0814443,-0.206349,0.244179,-0.0478715,-0.165872,0.201069,-0.0480579,-0.134095,0.178002,-0.0565118,-0.107188,0.162424,-0.0671597,-0.0829756,0.149631,-0.0777944,-0.0604104,0.137502,-0.0873649,-0.0390464,0.125012,
9.94987,9.85679,9.66426,9.37383,8.98805,8.51051,7.94581,7.29954,6.57824,5.78933,4.9411,4.04258,3.10351,2.13422,1.14552,0.148622,-0.845025,-1.82382,-2.77618,-3.69064,-4.55602,-5.36156,-6.09707,-6.75308,-7.32092,-7.79294,-8.16258,-8.42448,-8.57461,-8.61036,-8.53061,-8.33576,-8.02781,-7.61038,-7.08867,-6.46946,-5.76105,-4.97322,-4.11707,-3.20496,-2.25032,-1.26748,-0.271534,0.72196,1.69714,2.63813,3.52928,4.35542,5.10217,5.7562,6.30548,6.73955,7.04981,7.22967,7.2748,7.18331,6.95586,6.59573,6.10892,5.50411,4.79258,3.98816,3.10696,2.16718,1.18882,0.193273,-0.797053,-1.75923,-2.67032,-3.50791,-4.25072,-4.87917,-5.37598,-5.72675,-5.92052,-5.95024,-5.81319,-5.51135,-5.05161,-4.44585,-3.7109,-2.86835,-1.94413,-0.967977,0.0273584,1.00703,1.93523,2.77642,3.49681,4.06575,4.45735,4.65196,4.63758,4.41115,3.97951,3.36004,2.58088,1.68046,0.706547,-0.285553,-1.2355,-2.08123,-2.76294,-3.22777,-3.43481,-3.36019,-3.00189,-2.38353,-1.55662,-0.600217,0.382652,1.27289,1.94805,2.30019,2.2578,1.80976,1.02623,0.0686524,-0.822706,-1.37664,-1.38247,-0.812872,0.0775289,0.787536,0.841558,0.214668,-0.498463,-0.576356,0.0101601,0.493363,0.266659,-0.29359,-0.369471,0.103814,0.372336,0.0438924,
9.94987,9.91403,9.81944,9.66665,9.45652,9.19026,8.86943,8.49591,8.07188,7.59987,7.08266,6.52332,5.92518,5.29183,4.62704,3.9348,3.21928,2.48478,1.73573,0.976664,0.212176,-0.553091,-1.31448,-2.06737,-2.80714,-3.52927,-4.22935,-4.90306,-5.54627,-6.15499,-6.72548,-7.25419,-7.73785,-8.17342,-8.5582,-8.88976,-9.16603,-9.38524,-9.546,-9.64727,-9.68839,-9.66904,-9.58933,-9.4497,-9.25099,-8.9944,-8.68152,-8.31426,-7.89491,-7.42608,-6.91068,-6.35196,-5.75341,-5.1188,-4.45214,-3.75765,-3.03973,-2.30293,-1.55194,-0.791565,-0.0266546,0.73789,1.49716,2.24628,2.98041,3.69481,4.38487,5.0461,5.67421,6.2651,6.81491,7.32005,7.77719,8.18332,8.53576,8.83217,9.07056,9.24934,9.3673,9.4236,9.41785,9.35003,9.22055,9.03022,8.78027,8.4723,8.10832,7.6907,7.2222,6.7059,6.14521,5.54384,4.90581,4.23535,3.53694,2.81527,2.07518,1.32163,0.559723,-0.205408,-0.968581,-1.72462,-2.46838,-3.19479,-3.8989,-4.57589,-5.2211,-5.83011,-6.39871,-6.92297,-7.39926,-7.82426,-8.195,-8.5089,-8.76373,-8.95769,-9.0894,-9.15788,-9.16262,-9.10354,-8.981,-8.79581,-8.54923,-8.24293,-7.87902,-7.46001,-6.98882,-6.46873,-5.90337,-5.29671,-4.653,-3.9768,-3.27287,-2.54621,-1.80198,-1.04547,-0.282078,0.482734,1.24349,1.99471,2.731,3.44704,4.13766,4.79783,5.42277,6.00792,6.549,7.04204,7.48342,7.86988,8.19855,8.467,8.67319,8.81558,8.89306,8.90502,8.85132,8.7323,8.5488,8.30211,7.99403,7.6268,7.2031,6.72604,6.19915,5.62634,5.01184,4.36025,3.67642,2.96549,2.23278,1.48382,0.724255,-0.0401662,-0.803648,-1.56039,-2.30461,-3.03065,-3.73293,-4.40606,-5.04487,-5.64441,-6.20006,-6.70749,-7.16276,-7.5623,-7.90297,-8.18209,-8.39745,-8.5473,-8.63044,-8.64616,-8.59428,-8.47515,-8.28966,-8.03919,-7.72568,-7.35154,-6.91968,-6.43346,-5.89669,-5.31359,-4.68875,-4.02712,-3.33395,-2.61474,-1.87523,-1.12133,-0.359096,0.40536,1.16588,1.91631,2.65058,3.36272,4.04695,4.69766,5.30954,5.87757,6.39705,6.8637,7.27364,7.62347,7.91024,8.13154,8.28549,8.37075,8.38656,8.33273,8.20964,8.01826,7.76013,7.43735,7.05256,6.60894,6.11017,5.56041,4.96423,4.32665,3.65302,2.94903,2.22063,1.47401,0.715505,-0.0484011,-0.811178,-1.56628,-2.30722,-3.0276,-3.72119,-4.38198,-5.00422,-5.58247,-6.11168,-6.58719,-7.0048,-7.36083,-7.65209,-7.87598,-8.03046,-8.11411,-8.12612,-8.06634,-7.93521,-7.73385,-7.46396,-7.1279,-6.72859,-6.26954,-5.75482,-5.18898,
9.94987,9.93951,9.90951,9.85994,9.79088,9.70248,9.5949,9.46837,9.32312,9.15945,8.97767,8.77816,8.56129,8.3275,8.07725,7.81103,7.52937,7.23283,6.92199,6.59747,6.25991,5.90997,5.54835,5.17577,4.79295,4.40067,3.99969,3.5908,3.17483,2.75259,2.32491,1.89266,1.45667,1.01782,0.576979,0.135016,-0.30719,-0.748763,-1.18883,-1.62651,-2.06094,-2.49126,-2.91661,-3.33616,-3.74906,-4.15449,-4.55166,-4.93977,-5.31805,-5.68575,-6.04214,-6.38652,-6.71818,-7.03649,-7.3408,-7.63051,-7.90503,-8.16384,-8.40641,-8.63225,-8.84092,-9.032,-9.20511,-9.35991,-9.49609,-9.61337,-9.71152,-9.79035,-9.84969,-9.88943,-9.90949,-9.90983,-9.89044,-9.85136,-9.79267,-9.71449,-9.61697,-9.5003,-9.36471,-9.21048,-9.0379,-8.84733,-8.63914,-8.41375,-8.1716,-7.91317,-7.63899,-7.34959,-7.04555,-6.72748,-6.39601,-6.0518,-5.69553,-5.32793,-4.94971,-4.56164,-4.16449,-3.75905,-3.34612,-2.92654,-2.50114,-2.07077,-1.63629,-1.19856,-0.758468,-0.316881,0.125315,0.567236,1.008,1.44673,1.88254,2.31456,2.74193,3.1638,3.57932,3.98765,4.38799,4.77954,5.1615,5.53311,5.89363,6.24234,6.57854,6.90156,7.21074,7.50547,7.78516,8.04924,8.29719,8.52851,8.74274,8.93944,9.11823,9.27873,9.42063,9.54365,9.64753,9.73207,9.79709,9.84247,9.86812,9.87397,9.86002,9.82629,9.77286,9.69982,9.60733,9.49556,9.36474,9.21514,9.04704,8.8608,8.65677,8.43538,8.19705,7.94228,7.67157,7.38546,7.08454,6.76939,6.44066,6.09901,5.74512,5.37969,5.00348,4.61722,4.2217,3.81772,3.40607,2.98761,2.56315,2.13356,1.6997,1.26245,0.822675,0.381273,-0.0608728,-0.502871,-0.943833,-1.38287,-1.8191,-2.25164,-2.67962,-3.10218,-3.51847,-3.92764,-4.32888,-4.72137,-5.10432,-5.47696,-5.83855,-6.18834,-6.52563,-6.84974,-7.16002,-7.45585,-7.73661,-8.00175,-8.25074,-8.48306,-8.69824,-8.89586,-9.07551,-9.23683,-9.37949,-9.5032,-9.60772,-9.69282,-9.75834,-9.80415,-9.83014,-9.83628,-9.82253,-9.78893,-9.73555,-9.6625,-9.56991,-9.45798,-9.32693,-9.17703,-9.00857,-8.8219,-8.6174,-8.39547,-8.15657,-7.90117,-7.6298,-7.343,-7.04135,-6.72546,-6.39597,-6.05355,-5.69889,-5.33271,-4.95574,-4.56876,-4.17254,-3.76789,-3.35562,-2.93658,-2.51161,-2.08157,-1.64734,-1.20978,-0.769803,-0.328286,0.113873,0.555776,0.996526,1.43523,1.871,2.30294,2.73019,3.15188,3.56714,3.97513,4.37503,4.76603,5.14732,5.51814,5.87772,6.22535,6.56031,6.88192,7.18952,7.4825,7.76024,8.0222,8.26783,8.49664,8.70816,8.90195,9.07762,9.23482,9.37323,9.49255,9.59255,9.67302,9.7338,9.77476,9.79582,9.79693,9.7781,9.73935,9.68077,9.60247,9.50462,9.3874,9.25107,9.09589,8.92218,8.7303,8.52063,8.29359,8.04967,7.78934,7.51314,7.22163,6.91541,6.59509,6.26134,5.91483,5.55627,5.18639,4.80595,4.41571,4.01648,3.60907,3.19432,2.77306,2.34617,1.9145,1.47895,1.0404,0.59975,0.157899,-0.284251,-0.725794,-1.16583,-1.60346,-2.03778,-2.46791,-2.89297,-3.31209,-3.72441,-4.12909,-4.52529,-4.91222,-5.28907,-5.65507,-6.00947,-6.35155,-6.68061,-6.99597,-7.29698,-7.58304,-7.85354,-8.10794,-8.34571,-8.56637,-8.76946,-8.95457,-9.12131,-9.26934,-9.39837,-9.50811,-9.59835,-9.6689,-9.71961,-9.75039,-9.76116,-9.7519,-9.72263,-9.6734,-9.60433,-9.51555,-9.40723,-9.27961,-9.13294,-8.96753,-8.7837,-8.58184,-8.36237,-8.12573,-7.8724,-7.60291,-7.31782,-7.01769,-6.70316,-6.37487,-6.03348,-5.67971,-5.31428,-4.93794,-4.55146,-4.15564,-3.75129,-3.33925,-2.92036,-2.49548,-2.06549,-1.63127,-1.19372,-0.753731,-0.312218,0.129913,0.571752,1.01239,1.45091,1.88642,2.31802,2.74482,3.16594,3.5805,3.98766,4.38658,4.77643,5.15641,5.52573,5.88363,6.22937,6.56224,6.88155,7.18665,7.47689,7.75169,8.01046,8.25269,8.47786,8.68551,8.87521,9.04657,9.19924,9.33289,9.44725,9.54208,9.61718,9.67241,9.70764,9.72279,9.71785,9.69281,9.64773,9.58269,9.49784,9.39335,9.26943,9.12633,8.96436,8.78384,8.58516,8.36871,8.13495,7.88436,7.61746,7.3348,7.03696,6.72456,6.39825,6.0587,5.70661,5.34272,4.96778,4.58256,4.18786,3.7845,3.37332,2.95517,2.53091,2.10143,1.66761,1.23035,0.790571,0.349173,-0.0929244,-0.534804,-0.975547,-1.41424,-1.84997,-2.28184,-2.70894,-3.13039,-3.54532,-3.95285,-4.35215,-4.74239,-5.12274,-5.49243,-5.85068,-6.19675,-6.52991,-6.84948,-7.15478,-7.44519,-7.72009,-7.97892,-8.22114,-8.44623,-8.65373,-8.84322,-9.01429,-9.16658,-9.29978,-9.41361,-9.50783,-9.58224,-9.63669,-9.67107,-9.68529,-9.67934,-9.65322,-9.60698,-9.54072,-9.45458,-9.34873,-9.2234,-9.07884,-8.91536,-8.73329,-8.53302,-8.31496,-8.07956,-7.82732,-7.55876,-7.27444,-6.97495,-6.66092,-6.333,-5.99188,-5.63826,-5.27289,-4.89653,-4.50996,-4.11399,-3.70945,-3.29718,-2.87804,-2.45291,-2.02268,-1.58824,-1.15051,-0.710403,-0.268831,0.173278,0.614999,1.05541,1.49358,1.92861,2.35957,2.78557,3.20572,3.61913,4.02494,4.4223,4.81038,5.18836,5.55545,5.91088,
9.94987,9.94718,9.93916,9.92584,9.9072,9.88327,9.85406,9.81958,9.77985,9.73489,9.68472,9.62938,9.56889,9.50328,9.43259,9.35686,9.27613,9.19044,9.09983,9.00436,8.90408,8.79903,8.68928,8.57488,8.4559,8.3324,8.20445,8.07211,7.93545,7.79455,7.64948,7.50032,7.34715,7.19006,7.02912,6.86442,6.69605,6.5241,6.34866,6.16983,5.9877,5.80237,5.61394,5.4225,5.22817,5.03104,4.83122,4.62882,4.42394,4.2167,4.0072,3.79557,3.5819,3.36632,3.14893,2.92987,2.70924,2.48716,2.26375,2.03913,1.81342,1.58675,1.35922,1.13097,0.902113,0.672776,0.44308,0.213148,-0.0168978,-0.246933,-0.476836,-0.706483,-0.935751,-1.16452,-1.39266,-1.62006,-1.84659,-2.07213,-2.29656,-2.51976,-2.74162,-2.962,-3.18081,-3.3979,-3.61319,-3.82653,-4.03783,-4.24697,-4.45384,-4.65832,-4.86031,-5.0597,-5.25638,-5.45025,-5.6412,-5.82914,-6.01395,-6.19555,-6.37383,-6.5487,-6.72007,-6.88784,-7.05193,-7.21224,-7.36869,-7.5212,-7.66969,-7.81407,-7.95427,-8.09021,-8.22183,-8.34905,-8.4718,-8.59001,-8.70363,-8.81259,-8.91684,-9.01631,-9.11096,-9.20074,-9.28559,-9.36547,-9.44034,-9.51016,-9.57489,-9.6345,-9.68895,-9.73822,-9.78228,-9.8211,-9.85466,-9.88296,-9.90596,-9.92366,-9.93605,-9.94313,-9.94489,-9.94132,-9.93243,-9.91823,-9.89872,-9.87391,-9.84382,-9.80846,-9.76785,-9.72202,-9.67098,-9.61477,-9.55341,-9.48694,-9.41539,-9.3388,-9.25722,-9.17068,-9.07923,-8.98293,-8.88182,-8.77595,-8.66539,-8.55019,-8.43041,-8.30613,-8.17739,-8.04428,-7.90687,-7.76522,-7.61942,-7.46954,-7.31567,-7.15788,-6.99625,-6.83089,-6.66186,-6.48928,-6.31322,-6.13378,-5.95106,-5.76515,-5.57616,-5.38418,-5.18932,-4.99169,-4.79138,-4.58851,-4.38319,-4.17551,-3.96561,-3.75358,-3.53954,-3.32361,-3.1059,-2.88653,-2.66562,-2.44328,-2.21963,-1.99479,-1.76889,-1.54204,-1.31436,-1.08599,-0.857029,-0.627613,-0.397862,-0.167899,0.0621532,0.292171,0.522032,0.751612,0.980789,1.20944,1.43744,1.66468,1.89102,2.11634,2.34054,2.56347,2.78504,3.00511,3.22358,3.44031,3.65521,3.86814,4.07901,4.28769,4.49407,4.69804,4.8995,5.09834,5.29444,5.48771,5.67803,5.86532,6.04947,6.23037,6.40794,6.58208,6.75269,6.91968,7.08297,7.24246,7.39808,7.54973,7.69734,7.84082,7.98011,8.11512,8.24579,8.37204,8.4938,8.61102,8.72362,8.83155,8.93475,9.03317,9.12674,9.21543,9.29918,9.37795,9.4517,9.52039,9.58397,9.64242,9.69571,9.74381,9.78668,9.82431,9.85668,9.88377,9.90557,9.92206,9.93324,9.93909,9.93962,9.93483,9.92472,9.90929,9.88855,9.86251,9.83119,9.79461,9.75277,9.70572,9.65346,9.59604,9.53347,9.4658,9.39305,9.31528,9.23251,9.1448,9.05219,8.95473,8.85248,8.74548,8.63379,8.51749,8.39661,8.27124,8.14144,8.00728,7.86883,7.72617,7.57936,7.4285,7.27365,7.11491,6.95236,6.78608,6.61617,6.44271,6.2658,6.08554,5.90201,5.71533,5.52558,5.33287,5.13731,4.93899,4.73803,4.53453,4.3286,4.12035,3.90989,3.69734,3.48281,3.26642,3.04827,2.8285,2.6072,2.38451,2.16055,1.93543,1.70927,1.48219,1.25432,1.02578,0.796697,0.567182,0.337365,0.107368,-0.122686,-0.352673,-0.582471,-0.811955,-1.041,-1.26949,-1.4973,-1.72431,-1.95039,-2.17542,-2.39929,-2.62187,-2.84304,-3.06269,-3.2807,-3.49695,-3.71132,-3.92371,-4.13399,-4.34205,-4.54779,-4.75108,-4.95183,-5.14993,-5.34526,-5.53773,-5.72723,-5.91365,-6.09691,-6.2769,-6.45352,-6.62669,-6.7963,-6.96226,-7.1245,-7.28291,-7.43742,-7.58794,-7.7344,-7.87671,-8.01479,-8.14858,-8.278,-8.40298,-8.52345,-8.63936,-8.75063,-8.85721,-8.95905,-9.05608,-9.14825,-9.23552,-9.31784,-9.39516,-9.46745,-9.53466,-9.59676,-9.65371,-9.70548,-9.75206,-9.7934,-9.82949,-9.86031,-9.88585,-9.90608,-9.92101,-9.93061,-9.93489,-9.93385,-9.92747,-9.91578,-9.89876,-9.87644,-9.84883,-9.81593,-9.77777,-9.73437,-9.68574,-9.63193,-9.57295,-9.50883,-9.43962,-9.36535,-9.28605,-9.20178,-9.11257,-9.01847,-8.91954,-8.81583,-8.70738,-8.59427,-8.47656,-8.35429,-8.22755,-8.09639,-7.9609,-7.82113,-7.67717,-7.5291,-7.37698,-7.22091,-7.06097,-6.89724,-6.72982,-6.55878,-6.38423,-6.20626,-6.02495,-5.84042,-5.65276,-5.46206,-5.26843,-5.07198,-4.87281,-4.67103,-4.46674,-4.26006,-4.05109,-3.83996,-3.62676,-3.41162,-3.19465,-2.97596,-2.75568,-2.53392,-2.31081,-2.08646,-1.86098,-1.63451,-1.40717,-1.17907,-0.950338,-0.721097,-0.491471,-0.261582,-0.031554,0.198491,0.428428,0.658134,0.887487,1.11636,1.34464,1.57219,1.7989,2.02465,2.2493,2.47275,2.69487,2.91555,3.13466,3.35208,3.56771,3.78143,3.99311,4.20265,4.40994,4.61486,4.8173,5.01715,5.21432,5.40868,5.60015,5.7886,5.97395,6.1561,6.33494,6.51038,6.68233,6.85069,7.01537,7.17629,7.33336,7.4865,7.63561,7.78063,7.92147,8.05806,8.19033,8.3182,8.44161,8.56049,8.67477,8.7844,8.88931,8.98945,9.08477,9.17521,9.26073,9.34128,9.41681,9.4873,9.55268,9.61295,9.66805,9.71797,9.76267,9.80213,9.83633,9.86525,9.88887,9.90719,9.92019,9.92787,9.93022,9.92724,9.91893,9.90529,9.88635,9.86209,9.83254,9.79772,9.75763,9.71231,9.66178,9.60606,9.54518,9.47918,9.4081,9.33196,9.25082,9.16471,9.07368,8.97778,8.87706,8.77158,8.66139,8.54655,8.42712,8.30317,8.17477,8.04197,7.90486,7.76351,7.61799,7.46838,7.31476,7.15721,6.99583,6.83069,6.66188,6.4895,6.31363,6.13437,5.95183,5.76608,5.57724,5.38541,5.19069,4.99318,4.793,4.59024,4.38501,4.17743,3.96761,3.75567,3.5417,3.32584,3.10819,2.88887,2.668,2.4457,2.22209,1.99728,1.7714,1.54458,1.31692,1.08856,0.859615,0.630209,0.400466,0.170508,-0.0595403,-0.289556,-0.519415,-0.748995,-0.978171,-1.20682,-1.43482,-1.66205,-1.88839,-2.11371,-2.3379,-2.56083,-2.78238,-3.00244,-3.22089,-3.4376,-3.65247,-3.86537,-4.0762,-4.28484,-4.49118,-4.69511,-4.89651,-5.09528,-5.29131,-5.48451,-5.67475,-5.86195,-6.046,-6.2268,-6.40426,-6.57827,-6.74875,-6.91561,-7.07875,-7.23809,-7.39354,-7.54502,-7.69245,-7.83574,-7.97483,-8.10963,-8.24007,-8.36609,-8.48761,-8.60458,-8.71692,-8.82458,-8.9275,-9.02562,-9.11889,-9.20727,-9.2907,-9.36914,-9.44254,-9.51087,-9.5741,-9.63218,-9.68508,-9.73279,-9.77526,-9.81248,-9.84443,-9.8711,-9.89246,-9.9085,-9.91922,-9.92462,-9.92468,-9.91941,-9.90881,-9.89288,-9.87165,-9.84511,-9.81328,-9.77617,-9.73382,-9.68623,-9.63345,-9.57548,-9.51237,-9.44416,-9.37086,-9.29254,-9.20922,-9.12095,-9.02778,-8.92976,-8.82695,-8.71939,-8.60715,-8.49028,-8.36885,-8.24293,-8.11257,-7.97786,-7.83886,-7.69565,-7.54831,-7.39691,-7.24153,-7.08227,-6.9192,-6.75241,-6.58199,-6.40804,-6.23065,-6.0499,-5.86591,-5.67877,-5.48857,-5.29543,-5.09944,-4.90071,-4.69934,-4.49546,-4.28916,-4.08055,-3.86975,-3.65687,-3.44203,-3.22534,-3.00692,-2.78688,-2.56534,-2.34243,-2.11825,-1.89295,-1.66662,-1.4394,-1.2114,-0.98276,-0.753588,-0.524012,-0.294156,-0.0641419,0.165906,0.395863,0.625607,0.855013,1.08396,1.31232,1.53998,1.76681,1.99268,2.21749,2.4411,2.6634,2.88427,3.10359,3.32123,3.53709,3.75105,3.96299,4.1728,4.38037,4.58558,4.78832,4.98849,5.18598,5.38068,5.57249,5.7613,5.94701,6.12952,6.30874,6.48456,6.6569,6.82566,6.99075,7.15208,7.30956,7.46312,7.61266,7.7581,7.89938,8.03641,8.16911,8.29743,8.42128,8.5406,8.65533,8.76541,8.87078,8.97137,9.06714,9.15803,9.244,9.325,9.40099,9.47192,9.53775,9.59846,9.65401,9.70436,9.7495,9.78939,9.82402,9.85337,9.87741,9.89615,9.90956,9.91765,9.9204,9.91782,9.9099,9.89666,9.87809,9.85421,9.82503,9.79057,9.75084,9.70587,9.65568,9.6003,9.53975,9.47408,9.40331,9.32748,9.24663,9.16082,9.07007,8.97445,8.87401,8.76879,8.65885,8.54426,8.42507,8.30135,8.17317,8.04059,7.90369,7.76253,7.61721,7.46778,7.31434,7.15697,6.99574,6.83076,6.6621,6.48985,6.31412,6.13499,5.95256,5.76694,5.57821,5.38647,5.19185,4.99443,4.79432,4.59164,4.38649,4.17897,3.96922,3.75732,3.54341,3.32759,3.10998,2.8907,2.66986,2.44759,2.22401,1.99922,1.77337,1.54656,1.31891,1.09056,0.861628,0.632229,0.402491,0.172537,-0.057509,-0.287523,-0.517382,-0.746961,-0.976138,-1.20479,-1.43279,-1.66002,-1.88635,-2.11167,-2.33586,-2.55878,-2.78033,-3.00038,-3.21882,-3.43552,-3.65037,-3.86326,-4.07407,-4.28269,-4.489,-4.69289,-4.89426,-5.09299,-5.28899,-5.48213,-5.67233,-5.85947,-6.04346,-6.22419,-6.40158,-6.57552,-6.74592,-6.91269,-7.07574,-7.23498,-7.39032,-7.54169,-7.689,-7.83217,-7.97113,-8.10579,-8.23609,-8.36196,-8.48333,-8.60013,-8.7123,-8.81979,-8.92252,-9.02046,-9.11354,-9.20171,-9.28493,-9.36315,-9.43633,-9.50444,-9.56742,-9.62526,-9.67792,-9.72537,-9.76758,-9.80453,-9.83621,-9.8626,-9.88367,-9.89942,-9.90985,-9.91494,-9.91469,-9.90911,-9.89819,-9.88195,-9.86039,-9.83351,-9.80135,-9.76391,-9.72121,-9.67328,-9.62014,-9.56183,-9.49836,-9.42979,-9.35613,-9.27744,-9.19376,-9.10513,-9.0116,-8.91321,-8.81003,-8.7021,-8.58949,-8.47226,-8.35046,-8.22417,-8.09346,-7.95838,-7.81902,-7.67546,-7.52776,-7.376,-7.22028,-7.06067,-6.89726,-6.73014,-6.55939,-6.38511,-6.2074,-6.02634,-5.84204,-5.65459,-5.4641,-5.27067,-5.0744,-4.8754,-4.67378,-4.46964,-4.26309,-4.05425,-3.84323,-3.63013,-3.41509,-3.1982,-2.9796,-2.75939,-2.53769,-2.31463,-2.09032,-1.86489,-1.63846,-1.41114,-1.18307,-0.954357,-0.725132,-0.495518,-0.265638,-0.0356153,0.194425,0.424361,0.654066,0.883419,1.1123,1.34057,1.56812,1.79483,2.02057,2.24522,2.46867,2.69078,2.91144,3.13053,3.34793,3.56353,3.77722,3.98886,4.19836,4.40559,4.61045,4.81283,5.01261,5.20969,5.40397,5.59533,5.78368,5.96892,6.15093,6.32964,6.50493,6.67672,6.84491,7.00942,7.17014,7.32701,7.47992,7.62881,7.77359,7.91418,8.0505,8.18249,8.31007,8.43317,8.55172,8.66568,8.77496,8.87951,8.97928,9.07421,9.16425,9.24936,9.32948,9.40458,9.47461,9.53953,
9.94987,9.94919,9.94716,9.94376,9.93901,9.9329,9.92544,9.91663,9.90646,9.89494,9.88207,9.86786,9.85229,9.83539,9.81714,9.79755,9.77663,9.75437,9.73079,9.70587,9.67963,9.65207,9.6232,9.59301,9.56152,9.52872,9.49462,9.45922,9.42254,9.38457,9.34532,9.30479,9.263,9.21994,9.17563,9.13006,9.08325,9.0352,8.98591,8.9354,8.88368,8.83074,8.77659,8.72125,8.66472,8.60701,8.54812,8.48807,8.42686,8.3645,8.301,8.23637,8.17061,8.10374,8.03577,7.9667,7.89654,7.8253,7.753,7.67964,7.60523,7.52979,7.45331,7.37583,7.29733,7.21784,7.13737,7.05592,6.97351,6.89015,6.80585,6.72062,6.63447,6.54742,6.45947,6.37065,6.28095,6.1904,6.09901,6.00678,5.91373,5.81988,5.72523,5.62981,5.53361,5.43666,5.33897,5.24055,5.14141,5.04157,4.94105,4.83985,4.73799,4.63549,4.53235,4.4286,4.32424,4.21929,4.11377,4.00768,3.90105,3.79389,3.6862,3.57802,3.46935,3.3602,3.2506,3.14055,3.03008,2.91919,2.8079,2.69623,2.58419,2.4718,2.35907,2.24603,2.13267,2.01902,1.9051,1.79092,1.67649,1.56184,1.44697,1.33191,1.21666,1.10125,0.985687,0.86999,0.754175,0.638256,0.522251,0.406174,0.290042,0.173871,0.0576753,-0.0585278,-0.174723,-0.290894,-0.407026,-0.523102,-0.639106,-0.755024,-0.870838,-0.986534,-1.10209,-1.21751,-1.33275,-1.44781,-1.56268,-1.67733,-1.79175,-1.90593,-2.01985,-2.13349,-2.24685,-2.35989,-2.47261,-2.585,-2.69704,-2.8087,-2.91998,-3.03087,-3.14134,-3.25138,-3.36098,-3.47012,-3.57879,-3.68697,-3.79464,-3.9018,-4.00843,-4.11451,-4.22002,-4.32497,-4.42932,-4.53307,-4.6362,-4.73869,-4.84054,-4.94173,-5.04225,-5.14208,-5.24121,-5.33962,-5.4373,-5.53424,-5.63043,-5.72585,-5.82049,-5.91433,-6.00737,-6.09959,-6.19097,-6.28152,-6.3712,-6.46001,-6.54795,-6.63499,-6.72113,-6.80634,-6.89063,-6.97399,-7.05638,-7.13782,-7.21828,-7.29776,-7.37625,-7.45372,-7.53018,-7.60561,-7.68001,-7.75336,-7.82565,-7.89687,-7.96701,-8.03607,-8.10403,-8.17089,-8.23663,-8.30125,-8.36474,-8.42708,-8.48828,-8.54832,-8.60719,-8.66488,-8.7214,-8.77673,-8.83085,-8.88378,-8.93549,-8.98598,-9.03525,-9.08329,-9.13008,-9.17563,-9.21993,-9.26297,-9.30475,-9.34526,-9.38449,-9.42244,-9.45911,-9.49449,-9.52857,-9.56135,-9.59283,-9.623,-9.65186,-9.6794,-9.70562,-9.73051,-9.75408,-9.77632,-9.79722,-9.81679,-9.83502,-9.85191,-9.86745,-9.88165,-9.8945,-9.906,-9.91615,-9.92494,-9.93238,-9.93847,-9.9432,-9.94658,-9.94859,-9.94925,-9.94856,-9.9465,-9.94309,-9.93833,-9.9322,-9.92473,-9.9159,-9.90571,-9.89418,-9.88129,-9.86706,-9.85148,-9.83456,-9.81629,-9.79669,-9.77575,-9.75348,-9.72987,-9.70494,-9.67869,-9.65111,-9.62222,-9.59202,-9.5605,-9.52769,-9.49357,-9.45816,-9.42146,-9.38347,-9.3442,-9.30366,-9.26185,-9.21877,-9.17444,-9.12886,-9.08203,-9.03396,-8.98466,-8.93414,-8.88239,-8.82944,-8.77528,-8.71992,-8.66337,-8.60564,-8.54674,-8.48667,-8.42544,-8.36307,-8.29955,-8.2349,-8.16913,-8.10224,-8.03425,-7.96516,-7.89499,-7.82374,-7.75142,-7.67804,-7.60362,-7.52816,-7.45167,-7.37417,-7.29566,-7.21615,-7.13566,-7.0542,-6.97177,-6.8884,-6.80408,-6.71884,-6.63268,-6.54561,-6.45765,-6.36881,-6.2791,-6.18854,-6.09713,-6.00489,-5.91183,-5.81796,-5.7233,-5.62786,-5.53165,-5.43469,-5.33699,-5.23855,-5.13941,-5.03956,-4.93902,-4.83781,-4.73594,-4.63343,-4.53028,-4.42652,-4.32215,-4.21719,-4.11165,-4.00556,-3.89892,-3.79174,-3.68405,-3.57586,-3.46718,-3.35803,-3.24841,-3.13836,-3.02788,-2.91698,-2.80569,-2.69401,-2.58197,-2.46957,-2.35684,-2.24378,-2.13042,-2.01677,-1.90284,-1.78866,-1.67423,-1.55957,-1.4447,-1.32963,-1.21438,-1.09896,-0.983398,-0.867699,-0.751881,-0.635961,-0.519954,-0.403876,-0.287743,-0.171571,-0.0553756,0.0608274,0.177022,0.293193,0.409323,0.525398,0.641401,0.757316,0.873128,0.988821,1.10438,1.21979,1.33503,1.45009,1.56495,1.67959,1.79401,1.90819,2.0221,2.13574,2.24908,2.36212,2.47484,2.58722,2.69924,2.8109,2.92217,3.03305,3.14351,3.25355,3.36313,3.47226,3.58092,3.68909,3.79675,3.9039,4.01051,4.11658,4.22209,4.32702,4.43135,4.53509,4.6382,4.74069,4.84252,4.9437,5.0442,5.14401,5.24312,5.34152,5.43919,5.53611,5.63228,5.72768,5.8223,5.91613,6.00915,6.10134,6.19271,6.28323,6.3729,6.46169,6.5496,6.63662,6.72274,6.80793,6.8922,6.97553,7.05791,7.13932,7.21976,7.29921,7.37767,7.45512,7.53156,7.60697,7.68134,7.75466,7.82692,7.89812,7.96824,8.03727,8.1052,8.17203,8.23775,8.30234,8.36579,8.42811,8.48928,8.54928,8.60813,8.66579,8.72228,8.77757,8.83167,8.88456,8.93625,8.98671,9.03594,9.08395,9.13071,9.17623,9.22049,9.2635,9.30524,9.34572,9.38492,9.42284,9.45947,9.49482,9.52886,9.56161,9.59305,9.62319,9.65201,9.67952,9.7057,9.73056,9.75409,9.77629,9.79716,9.81669,9.83489,9.85174,9.86724,9.8814,9.89422,9.90568,9.91579,9.92455,9.93195,9.938,9.94269,9.94603,9.94801,9.94863,9.9479,9.94581,9.94236,9.93755,9.93139,9.92388,9.91501,9.90478,9.89321,9.88029,9.86601,9.8504,9.83344,9.81513,9.79549,9.77451,9.7522,9.72856,9.70359,9.67729,9.64968,9.62075,9.59051,9.55896,9.5261,9.49194,9.45649,9.41975,9.38173,9.34242,9.30184,9.25999,9.21688,9.17251,9.12689,9.08002,9.03192,8.98258,8.93202,8.88024,8.82724,8.77305,8.71765,8.66107,8.6033,8.54436,8.48426,8.423,8.36059,8.29703,8.23235,8.16654,8.09962,8.0316,7.96247,7.89226,7.82098,7.74863,7.67522,7.60076,7.52527,7.44875,7.37121,7.29267,7.21313,7.13261,7.05112,6.96866,6.88525,6.80091,6.71563,6.62944,6.54235,6.45436,6.36549,6.27576,6.18516,6.09373,6.00146,5.90837,5.81448,5.71979,5.62433,5.52809,5.43111,5.33338,5.23492,5.13575,5.03588,4.93532,4.83409,4.7322,4.62966,4.52649,4.42271,4.31832,4.21334,4.10778,4.00167,3.89501,3.78782,3.68011,3.5719,3.4632,3.35404,3.24441,3.13434,3.02384,2.91293,2.80162,2.68993,2.57788,2.46547,2.35272,2.23966,2.12629,2.01262,1.89869,1.78449,1.67005,1.55539,1.44051,1.32544,1.21018,1.09476,0.979189,0.863485,0.747663,0.63174,0.51573,0.39965,0.283516,0.167342,0.0511464,-0.0650566,-0.181251,-0.29742,-0.413549,-0.529621,-0.645621,-0.761532,-0.87734,-0.993028,-1.10858,-1.22398,-1.33922,-1.45427,-1.56912,-1.68376,-1.79817,-1.91233,-2.02624,-2.13986,-2.2532,-2.36622,-2.47893,-2.59129,-2.70331,-2.81495,-2.92621,-3.03707,-3.14752,-3.25753,-3.3671,-3.47622,-3.58485,-3.693,-3.80065,-3.90777,-4.01437,-4.12041,-4.2259,-4.3308,-4.43512,-4.53883,-4.64192,-4.74438,-4.84619,-4.94734,-5.04781,-5.1476,-5.24668,-5.34505,-5.44269,-5.53958,-5.63572,-5.73109,-5.82568,-5.91947,-6.01246,-6.10462,-6.19596,-6.28644,-6.37607,-6.46483,-6.55271,-6.63969,-6.72577,-6.81093,-6.89516,-6.97845,-7.06079,-7.14216,-7.22256,-7.30198,-7.38039,-7.4578,-7.5342,-7.60956,-7.68389,-7.75717,-7.82939,-7.90054,-7.97061,-8.0396,-8.10749,-8.17427,-8.23994,-8.30448,-8.36789,-8.43016,-8.49128,-8.55124,-8.61003,-8.66765,-8.72408,-8.77933,-8.83338,-8.88622,-8.93785,-8.98826,-9.03744,-9.08539,-9.1321,-9.17757,-9.22178,-9.26473,-9.30642,-9.34684,-9.38599,-9.42385,-9.46043,-9.49572,-9.52971,-9.5624,-9.59379,-9.62387,-9.65263,-9.68008,-9.7062,-9.73101,-9.75448,-9.77662,-9.79743,-9.81691,-9.83504,-9.85183,-9.86728,-9.88138,-9.89413,-9.90554,-9.91559,-9.92428,-9.93163,-9.93762,-9.94225,-9.94553,-9.94745,-9.94801,-9.94721,-9.94506,-9.94155,-9.93668,-9.93046,-9.92289,-9.91395,-9.90367,-9.89204,-9.87905,-9.86472,-9.84904,-9.83202,-9.81365,-9.79395,-9.77291,-9.75054,-9.72684,-9.70181,-9.67545,-9.64778,-9.61879,-9.58848,-9.55687,-9.52395,-9.48974,-9.45423,-9.41743,-9.37934,-9.33998,-9.29934,-9.25743,-9.21426,-9.16983,-9.12415,-9.07723,-9.02907,-8.97967,-8.92905,-8.87721,-8.82416,-8.76991,-8.71446,-8.65782,-8.6,-8.541,-8.48084,-8.41952,-8.35706,-8.29345,-8.22871,-8.16285,-8.09588,-8.0278,-7.95862,-7.88836,-7.81703,-7.74462,-7.67116,-7.59666,-7.52111,-7.44454,-7.36696,-7.28837,-7.20878,-7.12821,-7.04667,-6.96417,-6.88072,-6.79632,-6.71101,-6.62477,-6.53763,-6.4496,-6.36069,-6.27091,-6.18028,-6.0888,-5.99649,-5.90336,-5.80943,-5.71471,-5.6192,-5.52293,-5.4259,-5.32814,-5.22965,-5.13044,-5.03053,-4.92994,-4.82868,-4.72675,-4.62418,-4.52098,-4.41717,-4.31275,-4.20774,-4.10216,-3.99601,-3.88933,-3.78211,-3.67438,-3.56614,-3.45742,-3.34823,-3.23858,-3.12848,-3.01796,-2.90703,-2.79571,-2.684,-2.57192,-2.4595,-2.34673,-2.23365,-2.12027,-2.00659,-1.89264,-1.77843,-1.66398,-1.5493,-1.43441,-1.31933,-1.20407,-1.08864,-0.973059,-0.857348,-0.741521,-0.625593,-0.509579,-0.393496,-0.277359,-0.161184,-0.0449876,0.0712152,0.187408,0.303576,0.419702,0.53577,0.651766,0.767672,0.883474,0.999156,1.1147,1.23009,1.34532,1.46036,1.5752,1.68983,1.80422,1.91837,2.03226,2.14587,2.25919,2.3722,2.48489,2.59724,2.70923,2.82085,2.93209,3.04293,3.15335,3.26334,3.37289,3.48197,3.59059,3.69871,3.80632,3.91342,4.01998,4.126,4.23145,4.33633,4.44061,4.54428,4.64734,4.74976,4.85154,4.95265,5.05308,5.15283,5.25187,5.3502,5.4478,5.54465,5.64075,5.73607,5.83062,5.92437,6.01731,6.10943,6.20071,6.29115,6.38073,6.46944,6.55727,6.6442,6.73022,6.81533,6.89951,6.98274,7.06503,7.14634,7.22669,7.30604,7.3844,7.46176,7.53809,7.6134,7.68766,7.76088,7.83304,7.90413,7.97414,8.04306,8.11089,8.17761,8.24321,8.30769,8.37103,8.43323,8.49428,8.55417,8.6129,8.67045,8.72681,8.78199,8.83596,8.88873,8.94029,8.99063,9.03974,9.08762,9.13426,9.17965,9.22378,9.26666,9.30828,9.34862,9.38769,9.42548,9.46198,9.49719,9.53111,9.56372,9.59503,9.62503,9.65371,9.68108,9.70713,9.73185,9.75525,9.77731,9.79804,9.81743,9.83548,9.85219,9.86756,9.88158,9.89425,9.90557,9.91554,9.92415,9.93141,9.93732,9.94187,9.94506,9.9469,9.94738,9.9465,9.94426,9.94067,9.93572,9.92942,9.92176,9.91274,9.90237,9.89066,9.87759,9.86317,9.84741,9.8303,9.81186,9.79207,9.77095,9.74849,9.72471,9.69959,9.67316,9.6454,9.61633,9.58594,9.55425,9.52125,9.48695,9.45136,9.41448,9.37631,9.33687,9.29615,9.25416,9.21091,9.1664,9.12064,9.07364,9.0254,8.97592,8.92523,8.87331,8.82018,8.76585,8.71033,8.65361,8.59571,8.53664,8.47641,8.41502,8.35248,8.2888,8.22399,8.15806,8.09101,8.02286,7.95362,7.88328,7.81188,7.73941,7.66588,7.5913,7.51569,7.43906,7.36141,7.28275,7.2031,7.12247,7.04086,6.9583,6.87478,6.79033,6.70495,6.61866,6.53146,6.44337,6.3544,6.26456,6.17387,6.08234,5.98998,5.8968,5.80281,5.70803,5.61248,5.51616,5.41908,5.32127,5.22273,5.12347,5.02352,4.92288,4.82157,4.71961,4.61699,4.51375,4.4099,4.30544,4.20039,4.09477,3.98859,3.88187,3.77461,3.66685,3.55858,3.44982,3.3406,3.23092,3.1208,3.01025,2.89929,2.78794,2.6762,2.5641,2.45165,2.33887,2.22577,2.11236,1.99866,1.8847,1.77047,1.656,1.54131,1.42641,1.31131,1.19603,1.0806,0.965008,0.849289,0.733454,0.61752,0.501501,0.385413,0.269273,0.153097,0.0368992,-0.0793033,-0.195495,-0.31166,-0.427782,-0.543846,-0.659836,-0.775736,-0.89153,-1.0072,-1.12274,-1.23812,-1.35333,-1.46836,-1.58319,-1.6978,-1.81218,-1.92631,-2.04018,-2.15377,-2.26706,-2.38005,-2.49271,-2.60504,-2.717,-2.8286,-2.93981,-3.05062,-3.16101,-3.27097,-3.38049,-3.48954,-3.59812,-3.7062,-3.81378,-3.92084,-4.02736,-4.13334,-4.23875,-4.34358,-4.44782,-4.55145,-4.65446,-4.75684,-4.85857,-4.95963,-5.06002,-5.15971,-5.2587,-5.35698,-5.45452,-5.55132,-5.64736,-5.74263,-5.83712,-5.93081,-6.02369,-6.11575,-6.20697,-6.29735,-6.38686,-6.47551,-6.56327,-6.65014,-6.73609,-6.82113,-6.90524,-6.98841,-7.07062,-7.15187,-7.23214,-7.31142,-7.38971,-7.46698,-7.54324,-7.61847,-7.69266,-7.7658,-7.83788,-7.90889,-7.97882,-8.04766,-8.1154,-8.18204,-8.24755,-8.31195,-8.37521,-8.43732,-8.49829,-8.55809,-8.61673,-8.67419,-8.73046,-8.78555,-8.83943,-8.89211,-8.94358,-8.99382,-9.04284,-9.09063,-9.13717,-9.18246,-9.22651,-9.26929,-9.31081,-9.35106,-9.39003,-9.42772,-9.46412,-9.49923,-9.53305,-9.56556,-9.59677,-9.62667,-9.65525,-9.68252,-9.70847,-9.73309,-9.75638,-9.77834,-9.79897,-9.81826,-9.8362,-9.85281,-9.86807,-9.88199,-9.89455,-9.90577,-9.91563,-9.92414,-9.9313,-9.9371,-9.94155,-9.94463,-9.94636,-9.94674,-9.94575,-9.94341,-9.93971,-9.93466,-9.92825,-9.92048,-9.91136,-9.90089,-9.88906,-9.87589,-9.86137,-9.8455,-9.82829,-9.80973,-9.78984,-9.76861,-9.74605,-9.72216,-9.69694,-9.6704,-9.64254,-9.61336,-9.58288,-9.55108,-9.51798,-9.48358,-9.44788,-9.4109,-9.37263,-9.33308,-9.29226,-9.25017,-9.20682,-9.16221,-9.11636,-9.06925,-9.02091,-8.97134,-8.92054,-8.86853,-8.81531,-8.76088,-8.70526,-8.64845,-8.59045,-8.53129,-8.47096,-8.40948,-8.34685,-8.28307,-8.21817,-8.15215,-8.08501,-8.01677,-7.94744,-7.87702,-7.80553,-7.73297,-7.65936,-7.5847,-7.509,-7.43228,-7.35455,-7.27581,-7.19608,-7.11537,-7.03369,-6.95104,-6.86745,-6.78292,-6.69746,-6.61109,-6.52382,-6.43566,-6.34662,-6.25671,-6.16595,-6.07435,-5.98192,-5.88867,-5.79462,-5.69978,-5.60416,-5.50777,-5.41064,-5.31276,-5.21416,-5.11485,-5.01484,-4.91415,-4.81278,-4.71076,-4.60809,-4.5048,-4.40089,-4.29638,-4.19129,-4.08562,-3.97939,-3.87263,-3.76533,-3.65752,-3.54921,-3.44041,-3.33115,-3.22143,-3.11127,-3.00069,-2.8897,-2.77831,-2.66655,-2.55442,-2.44194,-2.32913,-2.216,-2.10256,-1.98885,-1.87486,-1.76061,-1.64612,-1.53141,-1.41649,-1.30138,-1.18609,-1.07063,-0.955036,-0.839307,-0.723463,-0.60752,-0.491495,-0.375403,-0.259259,-0.14308,-0.0268813,0.0893208,0.205511,0.321673,0.437791,0.553849,0.669831,0.785722,0.901506,1.01717,1.13269,1.24806,1.36325,1.47826,1.59307,1.70766,1.82202,1.93613,2.04998,2.16354,2.27681,2.38977,2.50241,2.6147,2.72663,2.8382,2.94937,3.06014,3.1705,3.28042,3.38989,3.49891,3.60744,3.71548,3.82302,3.93003,4.03651,4.14243,4.24779,4.35257,4.45676,4.56033,4.66329,4.76561,4.86728,4.96828,5.06861,5.16824,5.26717,5.36538,5.46285,5.55959,5.65556,5.75076,5.84517,5.93879,6.0316,6.12358,6.21473,6.30503,6.39447,6.48304,6.57072,6.6575,6.74338,6.82833,6.91236,6.99544,7.07756,7.15872,7.2389,7.3181,7.39629,7.47348,7.54964,7.62478,7.69887,7.77191,7.84389,7.91481,7.98464,8.05338,8.12102,8.18755,8.25297,8.31726,8.38041,8.44243,8.50328,8.56298,8.62151,8.67886,8.73503,8.79,8.84378,8.89635,8.9477,8.99783,9.04674,9.09441,9.14083,9.18601,9.22994,9.27261,9.31401,9.35414,9.39299,9.43056,9.46685,9.50184,9.53553,9.56792,9.59901,9.62879,9.65725,9.68439,9.71022,9.73471,9.75788,9.77972,9.80022,9.81938,9.8372,9.85369,9.86882,9.88261,9.89505,9.90614,9.91587,9.92426,9.93129,9.93696,9.94128,9.94424,9.94584,9.94608,9.94497,9.9425,9.93867,9.93349,9.92695,9.91905,9.9098,9.8992,9.88725,9.87395,9.8593,9.8433,9.82596,9.80728,9.78726,9.76591,9.74322,9.7192,9.69386,9.66719,9.6392,9.6099,9.57928,9.54736,9.51413,9.47961,9.44379,9.40668,9.36829,9.32862,9.28768,9.24547,9.202,9.15727,9.11129,9.06406,9.0156,8.96591,8.915,8.86287,8.80953,8.75498,8.69924,8.64232,8.58421,8.52494,8.46449,8.4029,8.34015,8.27627,8.21126,8.14513,8.07788,8.00954,7.9401,7.86957,7.79798,7.72531,7.6516,7.57683,7.50104,7.42422,7.34639,7.26755,7.18772,7.10691,7.02514,6.9424,6.85871,6.77409,6.68854,6.60208,6.51472,6.42647,6.33735,6.24736,6.15651,6.06483,5.97231,5.87899,5.78485,5.68993,5.59424,5.49778,5.40057,5.30262,5.20395,5.10456,5.00449,4.90372,4.80229,4.70021,4.59748,4.49412,4.39015,4.28558,4.18043,4.07471,3.96842,3.8616,3.75425,3.64639,3.53803,3.42919,3.31988,3.21012,3.09991,2.98929,2.87826,2.76683,2.65503,2.54286,2.43035,2.31751,2.20434,2.09088,1.97714,1.86312,1.74885,1.63434,1.5196,1.40466,1.28953,1.17422,1.05876,0.943142,0.827401,0.711546,0.595594,0.479561,0.363463,0.247315,0.131133,0.0149339,-0.101268,-0.217455,-0.333613,-0.449726,-0.565777,-0.681751,-0.797631,-0.913403,-1.02905,-1.14456,-1.25991,-1.37509,-1.49008,-1.60486,-1.71943,-1.83376,-1.94785,-2.06166,-2.1752,-2.28844,-2.40136,-2.51396,-2.62622,-2.73811,-2.84964,-2.96077,-3.0715,-3.18181,-3.29169,-3.40111,-3.51008,-3.61856,-3.72655,-3.83403,-3.94099,-4.0474,-4.15327,-4.25857,-4.36329,-4.46741,-4.57092,-4.67381,-4.77606,-4.87766,-4.97859,-5.07885,-5.17841,-5.27726,-5.37539,-5.47279,-5.56944,-5.66533,-5.76045,-5.85478,-5.94832,-6.04104,-6.13293,-6.22399,-6.3142,-6.40355,-6.49202,-6.5796,-6.66629,-6.75207,-6.83693,-6.92085,-7.00383,-7.08585,-7.1669,-7.24698,-7.32607,-7.40416,-7.48123,-7.55729,-7.63231,-7.70629,-7.77922,-7.85109,-7.92188,-7.9916,-8.06022,-8.12774,-8.19416,-8.25945,-8.32362,-8.38665,-8.44854,-8.50927,-8.56884,-8.62724,-8.68447,-8.74051,-8.79535,-8.84899,-8.90143,-8.95265,-9.00265,-9.05142,-9.09896,-9.14525,-9.19029,-9.23408,-9.27661,-9.31787,-9.35786,-9.39658,-9.43401,-9.47015,-9.505,-9.53855,-9.5708,-9.60174,-9.63138,-9.65969,-9.68669,-9.71237,-9.73672,-9.75974,-9.78143,-9.80178,-9.8208,-9.83848,-9.85481,-9.86979,-9.88343,-9.89572,-9.90666,-9.91625,-9.92448,-9.93136,-9.93688,-9.94105,-9.94386,-9.94531,-9.94541,-9.94414,-9.94152,-9.93754,-9.93221,-9.92552,-9.91747,-9.90807,-9.89732,-9.88521,-9.87176,-9.85696,-9.84082,-9.82333,-9.8045,-9.78433,-9.76282,-9.73998,-9.71582,-9.69032,-9.66351,-9.63537,-9.60592,-9.57516,-9.54309,-9.50972,-9.47505,-9.43908,-9.40183,-9.36329,-9.32348,-9.28239,-9.24004,-9.19642,-9.15155,-9.10543,-9.05807,-9.00947,-8.95964,-8.90859,-8.85632,-8.80284,-8.74816,-8.69228,-8.63522,-8.57698,-8.51757,-8.457,-8.39527,-8.3324,-8.26839,-8.20325,-8.13699,-8.06962,-8.00114,-7.93158,-7.86093,-7.78921,-7.71643,-7.64259,-7.56771,-7.4918,-7.41486,-7.33691,-7.25796,-7.17802,-7.0971,-7.01521,-6.93236,-6.84857,-6.76384,-6.67819,-6.59162,-6.50416,-6.41581,-6.32658,-6.23649,-6.14554,-6.05376,-5.96116,-5.86773,-5.77351,-5.6785,-5.58271,-5.48616,-5.38887,-5.29083,-5.19208,-5.09262,-4.99246,-4.89162,-4.79011,-4.68794,-4.58514,-4.48171,-4.37767,-4.27304,-4.16781,-4.06202,-3.95568,-3.8488,-3.74139,-3.63346,-3.52505,-3.41615,-3.30679,-3.19697,-3.08672,-2.97604,-2.86496,-2.75349,-2.64165,-2.52944,-2.41689,-2.304,-2.19081,-2.07731,-1.96353,-1.84948,-1.73518,-1.62065,-1.50589,-1.39092,-1.27577,-1.16044,-1.04496,-0.929326,-0.81357,-0.697703,-0.581741,-0.4657,-0.349595,-0.233442,-0.117257,-0.00105688,0.115144,0.231329,0.347482,0.463588,0.57963,0.695594,0.811462,0.92722,1.04285,1.15834,1.27367,1.38883,1.50379,1.61855,1.7331,1.8474,1.96145,2.07523,2.18873,2.30194,2.41482,2.52738,2.63959,2.75145,2.86292,2.97401,3.08469,3.19495,3.30477,3.41414,3.52304,3.63147,3.7394,3.84681,3.95371,4.06006,4.16586,4.27109,4.37573,4.47978,4.58322,4.68603,4.7882,4.88972,4.99057,5.09074,5.19021,5.28898,5.38702,5.48433,5.58089,5.67669,5.77171,5.86594,5.95938,6.05199,6.14379,6.23474,6.32485,6.41409,6.50245,6.58993,6.6765,6.76217,6.84691,6.93072,7.01358,7.09548,7.17641,7.25637,7.33533,7.4133,7.49025,7.56617,7.64107,7.71492,7.78772,7.85945,7.93011,7.99969,8.06818,8.13557,8.20184,8.26699,8.33102,8.39391,8.45565,8.51624,8.57567,8.63392,8.691,8.74689,8.80158,8.85508,8.90736,8.95843,9.00827,9.05689,9.10427,9.1504,9.19529,9.23892,9.28129,9.32239,9.36222,9.40078,9.43804,9.47402,9.50871,9.5421,9.57418,9.60496,9.63443,9.66258,9.68941,9.71492,9.7391,9.76195,9.78347,9.80366,9.8225,9.84001,9.85617,9.87099,9.88445,9.89657,9.90734,9.91676,
