0,58.5066,116.948,175.318,233.605,291.801,
0,29.2553,58.4724,87.643,116.758,145.807,174.78,203.665,232.449,261.116,
0,14.6315,29.2328,43.791,58.2929,72.7239,87.0687,101.311,115.432,129.413,143.234,156.87,170.298,183.49,196.415,209.039,221.324,233.226,
0,7.32307,14.6113,21.8439,28.999,36.0534,42.9832,49.7629,56.3662,62.7654,68.9314,74.834,80.4414,85.7208,90.6376,95.1559,99.2386,102.847,105.941,108.479,110.419,111.718,112.334,112.224,111.351,109.685,107.208,103.936,99.951,95.492,91.2218,89.0033,91.1366,89.882,90.0678,
0,3.6731,7.30499,10.8683,14.335,17.677,20.8658,23.8731,26.671,29.2322,31.5301,33.5396,35.2371,36.6008,37.6116,38.2528,38.5111,38.3768,37.8444,36.9132,35.5875,33.8775,31.7994,29.3766,26.6395,23.6264,20.3838,16.9668,13.4394,9.87432,6.35333,2.96646,-0.188689,-3.0084,-5.38513,-7.21098,-8.38299,-8.81117,-8.43067,-7.2209,-5.23575,-2.65275,0.148065,2.47381,3.29372,2.07465,1.31776,2.5382,2.25106,1.51281,2.39428,2.22041,1.61533,2.35125,2.1749,1.6818,2.33748,2.12902,1.73312,2.33366,2.08512,1.7778,2.33239,2.04387,1.8197,2.33021,2.00569,1.8606,2.32532,
0,1.84815,3.66802,5.44088,7.14825,8.77207,10.2949,11.7002,12.9724,14.0971,15.0615,15.8543,16.4657,16.8882,17.116,17.1457,16.976,16.6079,16.0448,15.2923,14.3588,13.2545,11.9922,10.5867,9.05504,7.41585,5.68961,3.89823,2.06485,0.213535,-1.631,-3.4437,-5.19953,-6.87379,-8.44249,-9.88272,-11.173,-12.2937,-13.2272,-13.9584,-14.4751,-14.768,-14.8311,-14.6621,-14.2621,-13.6361,-12.793,-11.7452,-10.5092,-9.10473,-7.55513,-5.88669,-4.12845,-2.31173,-0.469653,1.36342,3.15247,4.86251,6.45924,7.9098,9.18347,10.2524,11.0924,11.6835,12.0107,12.0644,11.8409,11.3431,10.5802,9.56817,8.3295,6.89318,5.29411,3.57259,1.77351,-0.0546408,-1.86089,-3.59317,-5.19971,-6.6307,-7.83991,-8.78641,-9.43626,-9.76412,-9.75473,-9.40415,-8.72075,-7.72583,-6.45374,-4.95158,-3.27825,-1.50294,0.297133,2.03951,3.64003,5.01688,6.09508,6.81131,7.11877,6.9918,6.43,5.46129,4.1436,2.56463,0.839138,-0.896494,-2.49299,-3.80015,-4.68186,-5.03364,-4.80113,-3.99755,-2.71677,-1.13769,0.48532,1.85179,2.6684,2.72618,1.99126,0.681298,-0.724439,-1.60972,-1.51921,-0.53513,0.585935,0.888779,0.150284,-0.738572,-0.722394,0.0832095,0.527319,0.0306605,-0.602211,-0.422582,0.227022,0.304128,
0,0.92944,1.8506,2.758,3.64625,4.51004,5.3442,6.14375,6.90388,7.62002,8.28786,8.90334,9.46276,9.9627,10.4001,10.7723,11.0771,11.3124,11.4769,11.5696,11.5897,11.5372,11.4123,11.2157,10.9486,10.6125,10.2096,9.74211,9.21299,8.6254,7.98293,7.28949,6.54933,5.76699,4.94727,4.09523,3.21613,2.31541,1.39864,0.471533,-0.46015,-1.39059,-2.31399,-3.22454,-4.11655,-4.9844,-5.82263,-6.62594,-7.38924,-8.10771,-8.77676,-9.39214,-9.94991,-10.4465,-10.8787,-11.2437,-11.5392,-11.7632,-11.9143,-11.9914,-11.994,-11.922,-11.7759,-11.5565,-11.2652,-10.9038,-10.4746,-9.98031,-9.42414,-8.80963,-8.14073,-7.42174,-6.65732,-5.85243,-5.01227,-4.14234,-3.24829,-2.33599,-1.4114,-0.480599,0.45029,1.37513,2.28781,3.18228,4.0526,4.893,5.69787,6.46182,7.17975,7.84683,8.45857,9.01085,9.49991,9.92244,10.2755,10.5568,10.7643,10.8965,10.9525,10.932,10.8348,10.6618,10.4139,10.0929,9.70083,9.24035,8.71455,8.12698,7.48164,6.78292,6.03557,5.24472,4.41577,3.55445,2.66667,1.75856,0.836428,-0.0933472,-1.0243,-1.94993,-2.86379,-3.75947,-4.63069,-5.47133,-6.27547,-7.03741,-7.75176,-8.41345,-9.01776,-9.56038,-10.0374,-10.4454,-10.7815,-11.0431,-11.2284,-11.336,-11.3651,-11.3153,-11.1871,-10.9812,-10.699,-10.3426,-9.91452,-9.41772,-8.85577,-8.2327,-7.55299,-6.82154,-6.04364,-5.22493,-4.37136,-3.48915,-2.58475,-1.66479,-0.736004,0.194757,1.12063,2.03478,2.93043,3.80092,4.63977,5.44072,6.19777,6.90525,7.55783,8.15058,8.67902,9.13912,9.52737,9.8408,10.077,10.2341,10.3108,10.3065,10.2212,10.0555,9.81057,9.48817,9.09075,8.62128,8.0833,7.48089,6.81864,6.1016,5.33527,4.52551,3.67858,2.80102,1.89961,0.981347,0.0533868,-0.877038,-1.80265,-2.7162,-3.61049,-4.4785,-5.31335,-6.10844,-6.85746,-7.55443,-8.19379,-8.77041,-9.27966,-9.71742,-10.0801,-10.3648,-10.5692,-10.6915,-10.7307,-10.6864,-10.5589,-10.3492,-10.0588,-9.69017,-9.24609,-8.73015,-8.14651,-7.49987,-6.79547,-6.03902,-5.23669,-4.39503,-3.52095,-2.62163,-1.70448,-0.777071,0.152909,1.07774,1.98971,2.88121,3.74478,4.57317,5.3594,6.09683,6.77922,7.40076,7.95617,8.44067,8.85011,9.18095,9.43029,9.59595,9.67644,9.67099,9.57957,9.4029,9.14242,8.80029,8.3794,7.88331,7.31626,6.6831,5.98928,5.24079,4.4441,3.60614,2.73422,1.83595,0.919204,-0.00795618,-0.93736,-1.86079,-2.77007,-3.6571,-4.51399,-5.33307,-6.107,-6.82882,-7.492,-8.09055,
0,0.465915,0.930448,1.39268,1.8517,2.3066,2.75648,3.20045,3.63764,4.06717,4.4882,4.89989,5.30144,5.69204,6.07092,6.43734,6.79056,7.12989,7.45465,7.7642,8.05793,8.33526,8.59563,8.83853,9.06347,9.27001,9.45775,9.6263,9.77534,9.90456,10.0137,10.1026,10.171,10.2188,10.2458,10.2522,10.2378,10.2026,10.1468,10.0704,9.97355,9.85652,9.71951,9.56278,9.38664,9.19144,8.97757,8.74545,8.49554,8.22834,7.94437,7.6442,7.32843,6.99768,6.65261,6.2939,5.92226,5.53844,5.14319,4.7373,4.32157,3.89684,3.46395,3.02375,2.57712,2.12495,1.66814,1.2076,0.744247,0.278995,-0.187225,-0.653486,-1.11886,-1.58242,-2.04324,-2.50041,-2.95301,-3.40015,-3.84093,-4.27447,-4.69991,-5.1164,-5.52312,-5.91924,-6.30399,-6.67659,-7.03629,-7.38239,-7.71419,-8.03102,-8.33226,-8.61731,-8.88559,-9.13656,-9.36974,-9.58464,-9.78084,-9.95795,-10.1156,-10.2535,-10.3714,-10.469,-10.5461,-10.6026,-10.6383,-10.6533,-10.6474,-10.6206,-10.5731,-10.5049,-10.4161,-10.307,-10.1777,-10.0285,-9.85971,-9.67165,-9.46469,-9.23925,-8.99579,-8.73478,-8.45676,-8.16226,-7.85189,-7.52626,-7.18603,-6.83187,-6.46449,-6.08463,-5.69305,-5.29053,-4.87787,-4.45591,-4.02549,-3.58746,-3.14272,-2.69214,-2.23663,-1.77711,-1.31449,-0.849699,-0.383676,0.0826491,0.54834,1.01246,1.47409,1.93229,2.38614,2.83474,3.27718,3.71258,4.14006,4.55876,4.96784,5.36648,5.75388,6.12926,6.49186,6.84096,7.17586,7.49587,7.80036,8.08871,8.36035,8.61472,8.85132,9.06966,9.26931,9.44987,9.61096,9.75227,9.87352,9.97444,10.0548,10.1146,10.1535,10.1715,10.1687,10.1449,10.1002,10.0348,9.94866,9.84209,9.71526,9.56842,9.40186,9.21592,9.01098,8.78745,8.54577,8.28643,8.00996,7.71691,7.40787,7.08346,6.74434,6.39118,6.02471,5.64566,5.2548,4.8529,4.44079,4.01929,3.58926,3.15156,2.70708,2.25671,1.80136,1.34195,0.879411,0.414676,-0.0513161,-0.517624,-0.983306,-1.44742,-1.90903,-2.3672,-2.821,-3.26952,-3.71185,-4.1471,-4.57438,-4.99282,-5.40159,-5.79986,-6.18681,-6.56166,-6.92367,-7.27208,-7.6062,-7.92534,-8.22887,-8.51616,-8.78664,-9.03975,-9.27498,-9.49185,-9.68993,-9.86881,-10.0281,-10.1675,-10.2868,-10.3856,-10.4639,-10.5213,-10.5579,-10.5735,-10.5681,-10.5417,-10.4943,-10.4262,-10.3373,-10.2279,-10.0981,-9.94837,-9.77886,-9.58996,-9.38205,-9.15554,-8.91089,-8.64861,-8.36922,-8.07329,-7.76142,-7.43424,-7.09242,-6.73666,-6.36766,-5.98619,-5.59302,-5.18894,-4.77478,-4.35139,-3.91961,-3.48033,-3.03445,-2.58286,-2.12649,-1.66627,-1.20313,-0.738019,-0.271878,0.194342,0.659691,1.12322,1.58399,2.04105,2.49349,2.94036,3.38078,3.81382,4.23863,4.65431,5.06004,5.45498,5.83832,6.20929,6.56712,6.91109,7.24048,7.55464,7.85292,8.13471,8.39943,8.64653,8.87553,9.08594,9.27734,9.44934,9.60157,9.73374,9.84557,9.93683,10.0073,10.0569,10.0855,10.093,10.0795,10.0449,9.98929,9.91283,9.81565,9.69795,9.55996,9.40198,9.22433,9.02735,8.81147,8.57712,8.32477,8.05494,7.76819,7.4651,7.14629,6.81241,6.46415,6.10221,5.72735,5.34032,4.94191,4.53295,4.11427,3.68673,3.25121,2.80859,2.35979,1.90572,1.44732,0.985519,0.521273,0.0555314,-0.41075,-0.876615,-1.34111,-1.80327,-2.26217,-2.71684,-3.16636,-3.60981,-4.04628,-4.47486,-4.89468,-5.30488,-5.70461,-6.09304,-6.46939,-6.83288,-7.18275,-7.5183,-7.83882,-8.14366,-8.43219,-8.70382,-8.95799,-9.19417,-9.41188,-9.61066,-9.79011,-9.94987,-10.0896,-10.209,-10.3078,-10.3859,-10.443,-10.4791,-10.494,-10.4878,-10.4604,-10.412,-10.3425,-10.2522,-10.1412,-10.0098,-9.85823,-9.68678,-9.49583,-9.28577,-9.05702,-8.81006,-8.5454,-8.26358,-7.96519,-7.65083,-7.32116,-6.97685,-6.61862,-6.2472,-5.86336,-5.46789,-5.06161,-4.64535,-4.21998,-3.78637,-3.34542,-2.89804,-2.44515,-1.98769,-1.52661,-1.06285,-0.597376,-0.13115,0.334865,0.799706,1.26241,1.72202,2.17759,2.62817,3.07283,3.51065,3.94072,4.36216,4.77408,5.17565,5.56601,5.94438,6.30996,6.66199,6.99974,7.32252,7.62965,7.9205,8.19446,8.45097,8.68949,8.90953,9.11062,9.29236,9.45436,9.59629,9.71785,9.81878,9.89889,9.95799,9.99597,10.0127,10.0083,9.98258,9.93571,9.86775,9.77884,9.66918,9.53899,9.38853,9.21811,9.0281,8.81888,8.59089,8.3446,8.08053,7.79921,7.50123,7.18722,6.85782,6.51372,6.15563,5.7843,5.4005,5.00503,4.59871,4.18237,3.7569,3.32318,2.8821,2.43459,1.98158,1.524,1.06282,0.598994,0.133486,-0.332734,-0.798692,-1.26342,-1.72595,-2.18531,-2.64055,-3.09072,-3.53488,-3.9721,-4.40147,-4.8221,-5.23311,-5.63363,-6.02284,-6.39992,-6.76408,-7.11456,-7.45063,-7.77159,-8.07677,-8.36552,-8.63725,-8.89138,-9.12739,-9.34478,-9.54309,-9.72191,-9.88087,-10.0196,-10.1379,-10.2354,-10.312,-10.3675,-10.4017,-10.4147,-10.4064,-10.3767,-10.3258,-10.2537,-10.1607,-10.0469,-9.91246,-9.75778,-9.58315,-9.38892,-9.17551,-8.94335,-8.69294,-8.4248,-8.13948,
0,0.233137,0.466087,0.698726,0.930928,1.16257,1.39353,1.62368,1.8529,2.08107,2.30806,2.53376,2.75804,2.98078,3.20187,3.42118,3.6386,3.85402,4.06731,4.27836,4.48706,4.6933,4.89697,5.09796,5.29617,5.49147,5.68378,5.87299,6.059,6.2417,6.421,6.59681,6.76903,6.93756,7.10233,7.26323,7.42019,7.57312,7.72194,7.86656,8.00692,8.14293,8.27453,8.40164,8.52419,8.64212,8.75537,8.86388,8.96758,9.06643,9.16036,9.24934,9.33331,9.41222,9.48604,9.55472,9.61823,9.67653,9.7296,9.7774,9.81991,9.85711,9.88897,9.91549,9.93664,9.95241,9.96279,9.96779,9.96739,9.96161,9.95043,9.93387,9.91193,9.88463,9.85198,9.814,9.77071,9.72213,9.66829,9.60921,9.54494,9.4755,9.40093,9.32126,9.23655,9.14684,9.05218,8.95261,8.84819,8.73897,8.62502,8.5064,8.38316,8.25538,8.12312,7.98645,7.84545,7.7002,7.55076,7.39722,7.23966,7.07817,6.91283,6.74373,6.57096,6.39462,6.21479,6.03158,5.84508,5.65539,5.46262,5.26686,5.06822,4.86681,4.66274,4.45611,4.24703,4.03562,3.822,3.60626,3.38854,3.16894,2.94759,2.72459,2.50008,2.27417,2.04699,1.81864,1.58927,1.35898,1.1279,0.896161,0.663881,0.431184,0.198197,-0.0349578,-0.268154,-0.501268,-0.734174,-0.966748,-1.19887,-1.4304,-1.66123,-1.89124,-2.12029,-2.34827,-2.57505,-2.80051,-3.02454,-3.24701,-3.4678,-3.6868,-3.90388,-4.11894,-4.33185,-4.5425,-4.75079,-4.95659,-5.1598,-5.36031,-5.55801,-5.75279,-5.94456,-6.13321,-6.31864,-6.50074,-6.67943,-6.8546,-7.02616,-7.19403,-7.3581,-7.5183,-7.67453,-7.82672,-7.97478,-8.11863,-8.25819,-8.3934,-8.52418,-8.65045,-8.77215,-8.88922,-9.00159,-9.1092,-9.212,-9.30993,-9.40294,-9.49097,-9.57398,-9.65193,-9.72478,-9.79248,-9.855,-9.9123,-9.96436,-10.0111,-10.0526,-10.0888,-10.1196,-10.1451,-10.1652,-10.1799,-10.1893,-10.1932,-10.1917,-10.1849,-10.1726,-10.155,-10.132,-10.1036,-10.0699,-10.0309,-9.98652,-9.93688,-9.88198,-9.82185,-9.75653,-9.68604,-9.61043,-9.52973,-9.444,-9.35326,-9.25759,-9.15701,-9.0516,-8.9414,-8.82647,-8.70689,-8.5827,-8.45397,-8.32078,-8.1832,-8.0413,-7.89515,-7.74484,-7.59044,-7.43204,-7.26972,-7.10358,-6.93369,-6.76014,-6.58304,-6.40248,-6.21855,-6.03135,-5.84099,-5.64756,-5.45116,-5.25191,-5.04991,-4.84527,-4.63809,-4.4285,-4.21659,-4.00249,-3.7863,-3.56815,-3.34815,-3.12642,-2.90308,-2.67825,-2.45204,-2.22459,-1.996,-1.76641,-1.53593,-1.30469,-1.07282,-0.840436,-0.607663,-0.374627,-0.141453,0.0917345,0.32481,0.55765,0.790128,1.02212,1.2535,1.48415,1.71394,1.94275,2.17046,2.39694,2.62208,2.84575,3.06783,3.2882,3.50676,3.72337,3.93792,4.1503,4.3604,4.56809,4.77328,4.97585,5.17569,5.3727,5.56676,5.75778,5.94565,6.13028,6.31155,6.48939,6.66368,6.83434,7.00128,7.16441,7.32363,7.47887,7.63004,7.77706,7.91985,8.05833,8.19243,8.32208,8.44721,8.56776,8.68365,8.79482,8.90122,9.00279,9.09947,9.19121,9.27797,9.3597,9.43634,9.50787,9.57424,9.63542,9.69137,9.74207,9.78748,9.82759,9.86237,9.89181,9.91588,9.93457,9.94788,9.9558,9.95832,9.95544,9.94716,9.9335,9.91444,9.89001,9.86022,9.82509,9.78462,9.73885,9.6878,9.6315,9.56997,9.50325,9.43138,9.35439,9.27233,9.18523,9.09315,8.99614,8.89424,8.78751,8.67601,8.5598,8.43894,8.3135,8.18354,8.04913,7.91035,7.76726,7.61995,7.4685,7.31298,7.15348,6.99008,6.82287,6.65195,6.4774,6.29932,6.1178,5.93293,5.74483,5.55359,5.3593,5.16209,4.96204,4.75928,4.5539,4.34602,4.13575,3.9232,3.70849,3.49173,3.27303,3.05252,2.83031,2.60653,2.38128,2.1547,1.92691,1.69801,1.46815,1.23744,1.006,0.773969,0.541458,0.308596,0.075507,-0.157683,-0.390849,-0.623866,-0.85661,-1.08896,-1.32078,-1.55195,-1.78236,-2.01186,-2.24035,-2.4677,-2.69379,-2.9185,-3.1417,-3.36327,-3.58311,-3.80108,-4.01707,-4.23098,-4.44267,-4.65204,-4.85898,-5.06338,-5.26512,-5.46409,-5.6602,-5.85334,-6.04339,-6.23027,-6.41386,-6.59408,-6.77082,-6.94399,-7.1135,-7.27925,-7.44116,-7.59915,-7.75311,-7.90298,-8.04868,-8.19011,-8.32722,-8.45992,-8.58814,-8.71182,-8.83089,-8.94528,-9.05494,-9.1598,-9.25981,-9.35491,-9.44506,-9.5302,-9.61029,-9.68529,-9.75516,-9.81985,-9.87934,-9.93359,-9.98257,-10.0263,-10.0646,-10.0977,-10.1254,-10.1477,-10.1646,-10.1761,-10.1823,-10.183,-10.1784,-10.1683,-10.1528,-10.132,-10.1058,-10.0742,-10.0373,-9.99508,-9.94755,-9.89474,-9.83668,-9.77341,-9.70496,-9.63136,-9.55265,-9.46889,-9.3801,-9.28635,-9.18767,-9.08413,-8.97578,-8.86267,-8.74487,-8.62244,-8.49545,-8.36396,-8.22804,-8.08777,-7.94323,-7.79448,-7.64162,-7.48472,-7.32386,-7.15913,-6.99063,-6.81844,-6.64265,-6.46336,-6.28066,-6.09466,-5.90545,-5.71313,-5.51781,-5.31959,-5.11858,-4.91488,-4.70861,-4.49988,-4.28879,-4.07546,-3.86001,-3.64255,-3.4232,-3.20207,-2.97929,-2.75497,-2.52923,-2.3022,-2.074,-1.84475,-1.61457,-1.38358,-1.15192,-0.919696,-0.687045,-0.454088,-0.220949,0.0122455,0.245371,0.478302,0.710914,0.943081,1.17468,1.40559,1.63567,1.86482,2.09291,2.31981,2.5454,2.76956,2.99217,3.21312,3.43228,3.64953,3.86476,4.07785,4.2887,4.49717,4.70318,4.90659,5.10731,5.30522,5.50023,5.69222,5.88109,6.06674,6.24907,6.42798,6.60339,6.77518,6.94328,7.10758,7.26801,7.42447,7.57689,7.72517,7.86925,8.00904,8.14447,8.27546,8.40194,8.52386,8.64113,8.75371,8.86152,8.96451,9.06263,9.15582,9.24403,9.32722,9.40534,9.47834,9.54619,9.60886,9.6663,9.7185,9.76541,9.80702,9.8433,9.87423,9.8998,9.91999,9.93479,9.9442,9.9482,9.94681,9.94,9.9278,9.91021,9.88723,9.85889,9.82518,9.78614,9.74178,9.69213,9.63722,9.57706,9.5117,9.44118,9.36552,9.28477,9.19897,9.10817,9.01242,8.91176,8.80626,8.69597,8.58094,8.46125,8.33695,8.20811,8.07481,7.9371,7.79507,7.64879,7.49835,7.34381,7.18527,7.02281,6.85652,6.68648,6.51279,6.33554,6.15483,5.97075,5.7834,5.59288,5.3993,5.20276,5.00336,4.80121,4.59643,4.38911,4.17938,3.96733,3.7531,3.53679,3.31852,3.0984,2.87656,2.65312,2.42819,2.20189,1.97435,1.74568,1.51602,1.28548,1.0542,0.82228,0.589861,0.357065,0.124016,-0.109161,-0.34234,-0.575396,-0.808204,-1.04064,-1.27257,-1.50389,-1.73446,-1.96415,-2.19285,-2.42044,-2.64678,-2.87176,-3.09527,-3.31717,-3.53734,-3.75568,-3.97207,-4.18637,-4.39849,-4.60831,-4.81572,-5.02059,-5.22283,-5.42233,-5.61897,-5.81265,-6.00327,-6.19073,-6.37492,-6.55575,-6.73312,-6.90693,-7.07708,-7.2435,-7.40609,-7.56475,-7.71942,-7.86999,-8.0164,-8.15856,-8.2964,-8.42984,-8.55882,-8.68325,-8.80308,-8.91824,-9.02867,-9.13431,-9.2351,-9.33099,-9.42192,-9.50786,-9.58874,-9.66454,-9.7352,-9.80069,-9.86097,-9.91602,-9.9658,-10.0103,-10.0494,-10.0833,-10.1117,-10.1348,-10.1525,-10.1649,-10.1718,-10.1733,-10.1694,-10.1601,-10.1454,-10.1253,-10.0998,-10.069,-10.0328,-9.99125,-9.94442,-9.89231,-9.83494,-9.77234,-9.70456,-9.63162,-9.55356,-9.47044,-9.38228,-9.28914,-9.19107,-9.08812,-8.98035,-8.86781,-8.75057,-8.62869,-8.50223,-8.37126,-8.23585,-8.09608,-7.95202,-7.80374,-7.65133,-7.49487,-7.33445,-7.17014,-7.00204,-6.83024,-6.65483,-6.4759,-6.29356,-6.10789,-5.919,-5.72699,-5.53197,-5.33403,-5.13329,-4.92985,-4.72383,-4.51532,-4.30445,-4.09133,-3.87607,-3.65879,-3.43961,-3.21864,-2.996,-2.77181,-2.54619,-2.31927,-2.09116,-1.86199,-1.63189,-1.40097,-1.16935,-0.937175,-0.704556,-0.47162,-0.238493,-0.0053005,0.227832,0.460779,0.693416,0.925617,1.15726,1.38821,1.61836,1.84757,2.07573,2.30271,2.52839,2.75264,2.97535,3.1964,3.41567,3.63303,3.84838,4.0616,4.27257,4.48118,4.68732,4.89088,5.09174,5.2898,5.48495,5.67709,5.86611,6.05192,6.2344,6.41348,6.58904,6.76099,6.92924,7.09371,7.2543,7.41092,7.56349,7.71193,7.85616,7.99611,8.13169,8.26283,8.38947,8.51153,8.62895,8.74166,8.84961,8.95274,9.05099,9.14431,9.23265,9.31596,9.39419,9.46731,9.53527,9.59804,9.65559,9.70788,9.75488,9.79658,9.83294,9.86395,9.88959,9.90985,9.92471,9.93418,9.93823,9.93688,9.93012,9.91796,9.90039,9.87744,9.84911,9.81543,9.77639,9.73204,9.68239,9.62747,9.5673,9.50193,9.43138,9.35569,9.27491,9.18908,9.09824,9.00244,8.90174,8.79619,8.68584,8.57076,8.451,8.32663,8.19773,8.06434,7.92656,7.78445,7.63809,7.48756,7.33294,7.17431,7.01176,6.84537,6.67524,6.50146,6.32411,6.1433,5.95913,5.77168,5.58107,5.38739,5.19075,4.99126,4.78902,4.58414,4.37673,4.16691,3.95478,3.74046,3.52407,3.30572,3.08553,2.86362,2.64011,2.41511,2.18875,1.96116,1.73245,1.50274,1.27216,1.04084,0.808897,0.576457,0.343645,0.110588,-0.12259,-0.355763,-0.588805,-0.821592,-1.054,-1.2859,-1.51716,-1.74768,-1.97731,-2.20594,-2.43344,-2.6597,-2.88458,-3.10797,-3.32975,-3.5498,-3.768,-3.98423,-4.19837,-4.41032,-4.61996,-4.82716,-5.03183,-5.23386,-5.43312,-5.62953,-5.82296,-6.01332,-6.2005,-6.38441,-6.56494,-6.74199,-6.91548,-7.08531,-7.25138,-7.41361,-7.57191,-7.72619,-7.87638,-8.02238,-8.16413,-8.30154,-8.43454,-8.56307,-8.68704,-8.8064,-8.92108,-9.03101,-9.13615,-9.23643,-9.33179,-9.42219,-9.50758,-9.58791,-9.66314,-9.73323,-9.79814,-9.85783,-9.91228,-9.96145,-10.0053,-10.0439,-10.0771,-10.1049,-10.1273,-10.1444,-10.156,-10.1623,-10.1631,-10.1586,-10.1486,-10.1332,-10.1124,-10.0862,-10.0547,-10.0178,-9.97559,-9.92806,-9.87524,-9.81717,-9.75387,-9.68538,-9.61173,-9.53297,-9.44914,-9.36028,-9.26644,-9.16768,-9.06403,-8.95557,-8.84235,-8.72442,-8.60186,-8.47473,-8.34309,-8.20703,-8.0666,-7.92189,-7.77298,-7.61994,-7.46287,-7.30183,-7.13692,-6.96823,-6.79585,-6.61987,-6.44039,-6.2575,-6.07131,-5.8819,-5.68939,-5.49388,-5.29547,-5.09427,-4.89038,-4.68393,-4.47501,-4.26375,-4.05026,-3.83464,-3.61702,-3.39751,-3.17624,-2.95332,-2.72887,
0,0.116592,0.23316,0.349689,0.466162,0.582563,0.698877,0.815088,0.931179,1.04714,1.16294,1.27858,1.39404,1.5093,1.62434,1.73916,1.85373,1.96804,2.08207,2.19581,2.30924,2.42236,2.53513,2.64755,2.7596,2.87126,2.98253,3.09338,3.2038,3.31377,3.42329,3.53233,3.64088,3.74893,3.85646,3.96345,4.0699,4.17578,4.28108,4.3858,4.4899,4.59339,4.69624,4.79844,4.89998,5.00085,5.10102,5.20049,5.29925,5.39727,5.49455,5.59107,5.68682,5.78179,5.87596,5.96932,6.06186,6.15356,6.24442,6.33441,6.42354,6.51178,6.59913,6.68556,6.77108,6.85566,6.93931,7.02199,7.10372,7.18446,7.26422,7.34298,7.42073,7.49745,7.57315,7.64781,7.72142,7.79396,7.86544,7.93583,8.00513,8.07333,8.14043,8.2064,8.27125,8.33496,8.39753,8.45895,8.5192,8.57828,8.63618,8.6929,8.74843,8.80275,8.85586,8.90776,8.95844,9.00788,9.05609,9.10306,9.14878,9.19324,9.23644,9.27837,9.31902,9.3584,9.3965,9.4333,9.46881,9.50302,9.53593,9.56752,9.59781,9.62677,9.65442,9.68074,9.70573,9.7294,9.75172,9.77271,9.79236,9.81066,9.82762,9.84323,9.85748,9.87039,9.88194,9.89214,9.90098,9.90845,9.91458,9.91934,9.92273,9.92477,9.92545,9.92476,9.92271,9.91931,9.91454,9.9084,9.90092,9.89207,9.88186,9.8703,9.85738,9.84312,9.8275,9.81053,9.79222,9.77256,9.75156,9.72923,9.70556,9.68055,9.65422,9.62657,9.59759,9.56729,9.53569,9.50277,9.46855,9.43303,9.39622,9.35812,9.31873,9.27806,9.23612,9.19291,9.14844,9.10272,9.05574,9.00752,8.95807,8.90738,8.85547,8.80235,8.74802,8.69248,8.63576,8.57784,8.51875,8.45849,8.39707,8.33449,8.27077,8.20591,8.13993,8.07282,8.00461,7.9353,7.8649,7.79342,7.72086,7.64725,7.57258,7.49688,7.42014,7.34238,7.26361,7.18385,7.1031,7.02137,6.93867,6.85502,6.77043,6.6849,6.59846,6.5111,6.42286,6.33372,6.24372,6.15286,6.06114,5.9686,5.87523,5.78105,5.68608,5.59032,5.49379,5.39651,5.29848,5.19972,5.10024,5.00006,4.89919,4.79764,4.69544,4.59258,4.48909,4.38497,4.28026,4.17495,4.06906,3.96261,3.85561,3.74808,3.64002,3.53147,3.42242,3.3129,3.20292,3.09249,2.98164,2.87037,2.7587,2.64665,2.53423,2.42145,2.30834,2.1949,2.08115,1.96712,1.85281,1.73823,1.62342,1.50837,1.39311,1.27765,1.16201,1.0462,0.930242,0.814149,0.697937,0.581622,0.46522,0.348747,0.232218,0.115649,-0.000943169,-0.117543,-0.234135,-0.350703,-0.467231,-0.583703,-0.700103,-0.816416,-0.932625,-1.04871,-1.16467,-1.28047,-1.39611,-1.51156,-1.62682,-1.74186,-1.85668,-1.97124,-2.08555,-2.19958,-2.31332,-2.42674,-2.53985,-2.65262,-2.76503,-2.87708,-2.98874,-3.1,-3.21084,-3.32126,-3.43123,-3.54074,-3.64977,-3.75832,-3.86636,-3.97388,-4.08086,-4.1873,-4.29318,-4.39847,-4.50318,-4.60727,-4.71075,-4.81359,-4.91579,-5.01732,-5.11817,-5.21834,-5.3178,-5.41654,-5.51455,-5.61182,-5.70833,-5.80407,-5.89903,-5.99318,-6.08653,-6.17906,-6.27075,-6.36159,-6.45158,-6.54069,-6.62892,-6.71625,-6.80267,-6.88817,-6.97274,-7.05637,-7.13904,-7.22075,-7.30148,-7.38122,-7.45996,-7.5377,-7.61441,-7.69009,-7.76473,-7.83832,-7.91085,-7.9823,-8.05268,-8.12196,-8.19015,-8.25722,-8.32318,-8.38801,-8.4517,-8.51425,-8.57565,-8.63588,-8.69494,-8.75282,-8.80952,-8.86503,-8.91933,-8.97242,-9.0243,-9.07495,-9.12438,-9.17257,-9.21951,-9.2652,-9.30964,-9.35282,-9.39473,-9.43536,-9.47472,-9.51279,-9.54957,-9.58505,-9.61924,-9.65212,-9.68369,-9.71396,-9.7429,-9.77052,-9.79682,-9.82178,-9.84542,-9.86772,-9.88868,-9.90831,-9.92658,-9.94351,-9.9591,-9.97333,-9.98621,-9.99773,-10.0079,-10.0167,-10.0242,-10.0303,-10.035,-10.0384,-10.0404,-10.041,-10.0403,-10.0382,-10.0348,-10.03,-10.0239,-10.0163,-10.0075,-9.99722,-9.98564,-9.97269,-9.9584,-9.94275,-9.92576,-9.90741,-9.88773,-9.8667,-9.84434,-9.82064,-9.79561,-9.76925,-9.74157,-9.71256,-9.68224,-9.65061,-9.61766,-9.58342,-9.54787,-9.51103,-9.4729,-9.43348,-9.39279,-9.35082,-9.30758,-9.26308,-9.21733,-9.17033,-9.12208,-9.0726,-9.02189,-8.96995,-8.9168,-8.86244,-8.80688,-8.75013,-8.69219,-8.63307,-8.57278,-8.51133,-8.44873,-8.38498,-8.3201,-8.25409,-8.18696,-8.11872,-8.04939,-7.97896,-7.90745,-7.83487,-7.76123,-7.68654,-7.61081,-7.53405,-7.45627,-7.37748,-7.29769,-7.21691,-7.13516,-7.05244,-6.96877,-6.88415,-6.79861,-6.71214,-6.62477,-6.5365,-6.44734,-6.35732,-6.26643,-6.1747,-6.08213,-5.98874,-5.89455,-5.79955,-5.70378,-5.60723,-5.50993,-5.41188,-5.3131,-5.21361,-5.11341,-5.01252,-4.91096,-4.80873,-4.70586,-4.60235,-4.49822,-4.39349,-4.28816,-4.18226,-4.0758,-3.96878,-3.86124,-3.75317,-3.6446,-3.53554,-3.42601,-3.31602,-3.20558,-3.09472,-2.98343,-2.87176,-2.75969,-2.64726,-2.53448,-2.42135,-2.30791,-2.19415,-2.08011,-1.96579,-1.85121,-1.73639,-1.62133,-1.50607,-1.3906,-1.27496,-1.15915,-1.04319,-0.927089,-0.810874,-0.694557,-0.578152,-0.461677,-0.345147,-0.228578,-0.111985,0.00461494,0.121206,0.237773,0.3543,0.47077,0.587168,0.703478,0.819684,0.93577,1.05172,1.16752,1.28315,1.3986,1.51385,1.62889,1.74369,1.85825,1.97255,2.08657,2.2003,2.31372,2.42682,2.53957,2.65198,2.76401,2.87566,2.98691,3.09774,3.20814,3.3181,3.42759,3.53661,3.64514,3.75317,3.86067,3.96764,4.07406,4.17992,4.2852,4.38988,4.49396,4.59742,4.70024,4.80242,4.90393,5.00476,5.1049,5.20434,5.30306,5.40105,5.49829,5.59478,5.6905,5.78543,5.87956,5.97288,6.06538,6.15705,6.24786,6.33782,6.4269,6.5151,6.6024,6.6888,6.77427,6.85881,6.94241,7.02505,7.10672,7.18742,7.26713,7.34584,7.42354,7.50022,7.57587,7.65047,7.72403,7.79652,7.86794,7.93828,8.00753,8.07568,8.14272,8.20864,8.27343,8.33708,8.39959,8.46095,8.52114,8.58016,8.63801,8.69466,8.75013,8.80439,8.85744,8.90928,8.95989,9.00927,9.05742,9.10432,9.14997,9.19437,9.2375,9.27936,9.31995,9.35926,9.39729,9.43403,9.46947,9.50361,9.53644,9.56797,9.59819,9.62708,9.65466,9.68091,9.70583,9.72942,9.75167,9.77259,9.79216,9.81039,9.82727,9.84281,9.85699,9.86982,9.8813,9.89142,9.90018,9.90759,9.91363,9.91832,9.92164,9.9236,9.9242,9.92344,9.92131,9.91783,9.91298,9.90677,9.89921,9.89028,9.88,9.86836,9.85537,9.84102,9.82532,9.80828,9.78989,9.77015,9.74908,9.72666,9.70291,9.67783,9.65143,9.62369,9.59464,9.56427,9.53258,9.49959,9.46529,9.42969,9.3928,9.35462,9.31516,9.27442,9.2324,9.18911,9.14457,9.09877,9.05172,9.00342,8.95389,8.90313,8.85115,8.79795,8.74354,8.68794,8.63114,8.57315,8.51399,8.45365,8.39216,8.32951,8.26572,8.20079,8.13474,8.06756,7.99928,7.9299,7.85943,7.78788,7.71526,7.64158,7.56685,7.49107,7.41427,7.33645,7.25762,7.17779,7.09697,7.01518,6.93242,6.84871,6.76406,6.67847,6.59197,6.50456,6.41625,6.32706,6.237,6.14608,6.05432,5.96172,5.86829,5.77406,5.67904,5.58323,5.48665,5.38931,5.29124,5.19243,5.0929,4.99268,4.89176,4.79017,4.68792,4.58501,4.48148,4.37733,4.27257,4.16722,4.06129,3.9548,3.84777,3.7402,3.63211,3.52352,3.41444,3.30489,3.19488,3.08442,2.97354,2.86224,2.75054,2.63846,2.52602,2.41322,2.30008,2.18662,2.07286,1.9588,1.84447,1.72988,1.61504,1.49998,1.38471,1.26923,1.15358,1.03776,0.921794,0.805692,0.689473,0.573151,0.456743,0.340266,0.223733,0.107163,-0.00943054,-0.12603,-0.242621,-0.359186,-0.47571,-0.592177,-0.708572,-0.824877,-0.941078,-1.05716,-1.1731,-1.28889,-1.40452,-1.51996,-1.6352,-1.75022,-1.86502,-1.97957,-2.09385,-2.20786,-2.32157,-2.43498,-2.54806,-2.6608,-2.77319,-2.88521,-2.99684,-3.10806,-3.21888,-3.32926,-3.43919,-3.54867,-3.65767,-3.76617,-3.87417,-3.98165,-4.0886,-4.19499,-4.30082,-4.40607,-4.51073,-4.61478,-4.71821,-4.821,-4.92314,-5.02462,-5.12542,-5.22553,-5.32494,-5.42362,-5.52158,-5.61878,-5.71523,-5.81091,-5.9058,-5.9999,-6.09318,-6.18564,-6.27726,-6.36804,-6.45795,-6.54699,-6.63515,-6.72241,-6.80876,-6.89418,-6.97868,-7.06223,-7.14482,-7.22645,-7.3071,-7.38676,-7.46542,-7.54307,-7.6197,-7.6953,-7.76985,-7.84335,-7.91579,-7.98716,-8.05745,-8.12664,-8.19473,-8.26172,-8.32758,-8.39232,-8.45591,-8.51837,-8.57966,-8.6398,-8.69876,-8.75655,-8.81314,-8.86855,-8.92275,-8.97574,-9.02751,-9.07806,-9.12738,-9.17547,-9.2223,-9.26789,-9.31222,-9.35529,-9.39709,-9.43761,-9.47686,-9.51482,-9.55149,-9.58686,-9.62094,-9.65371,-9.68517,-9.71531,-9.74414,-9.77165,-9.79783,-9.82268,-9.8462,-9.86838,-9.88923,-9.90873,-9.92689,-9.94371,-9.95917,-9.97328,-9.98604,-9.99745,-10.0075,-10.0162,-10.0235,-10.0295,-10.0341,-10.0374,-10.0392,-10.0398,-10.0389,-10.0367,-10.0332,-10.0283,-10.022,-10.0143,-10.0053,-9.99499,-9.98328,-9.97022,-9.9558,-9.94003,-9.92291,-9.90445,-9.88464,-9.86349,-9.84101,-9.81719,-9.79203,-9.76555,-9.73775,-9.70862,-9.67818,-9.64642,-9.61336,-9.57899,-9.54332,-9.50636,-9.46811,-9.42858,-9.38776,-9.34568,-9.30232,-9.25771,-9.21184,-9.16472,-9.11635,-9.06676,-9.01593,-8.96388,-8.91061,-8.85614,-8.80047,-8.7436,-8.68555,-8.62632,-8.56592,-8.50436,-8.44165,-8.37779,-8.3128,-8.24668,-8.17945,-8.1111,-8.04166,-7.97113,-7.89952,-7.82684,-7.7531,-7.67831,-7.60248,-7.52561,-7.44773,-7.36885,-7.28896,-7.20809,-7.12624,-7.04343,-6.95966,-6.87496,-6.78932,-6.70276,-6.6153,-6.52694,-6.4377,-6.34759,-6.25662,-6.16481,-6.07216,-5.97869,-5.88441,-5.78934,-5.69349,-5.59686,-5.49949,-5.40136,-5.30251,-5.20295,-5.10268,-5.00172,-4.90009,-4.7978,-4.69486,-4.59129,-4.4871,-4.38231,-4.27693,-4.17097,-4.06444,-3.95738,-3.84978,-3.74166,-3.63304,-3.52393,-3.41435,-3.30431,-3.19383,-3.08292,-2.9716,-2.85988,-2.74778,-2.63531,-2.52249,-2.40933,-2.29586,-2.18207,-2.068,-1.95365,-1.83905,-1.7242,-1.60912,-1.49384,-1.37835,-1.26269,-1.14686,-1.03088,-0.914774,-0.798548,-0.682221,-0.565808,-0.449327,-0.332792,-0.216219,-0.0996253,0.0169743,0.133564,0.250127,0.366648,0.483111,0.5995,0.7158,0.831993,0.948066,1.064,1.17978,1.2954,1.41082,1.52605,1.64106,1.75584,1.87037,1.98464,2.09863,2.21233,2.32571,2.43877,2.55149,2.66386,2.77585,2.88746,2.99866,3.10944,3.2198,3.3297,3.43915,3.54812,3.65659,3.76456,3.872,3.97891,4.08527,4.19107,4.29628,4.4009,4.50491,4.6083,4.71105,4.81315,4.91459,5.01534,5.11541,5.21477,5.3134,5.41131,5.50847,5.60487,5.7005,5.79534,5.88938,5.98261,6.07502,6.16659,6.25731,6.34716,6.43615,6.52424,6.61144,6.69773,6.7831,6.86753,6.95102,7.03355,7.11512,7.1957,7.2753,7.35389,7.43147,7.50804,7.58356,7.65805,7.73148,7.80385,7.87515,7.94536,8.01448,8.0825,8.14941,8.2152,8.27986,8.34338,8.40576,8.46698,8.52703,8.58592,8.64362,8.70014,8.75546,8.80958,8.86249,8.91419,8.96465,9.01389,9.06189,9.10864,9.15414,9.19839,9.24137,9.28309,9.32353,9.36268,9.40056,9.43714,9.47242,9.50641,9.53909,9.57046,9.60052,9.62925,9.65667,9.68276,9.70752,9.73095,9.75304,9.77379,9.79321,9.81127,9.82799,9.84337,9.85739,9.87005,9.88136,9.89132,9.89992,9.90716,9.91303,9.91755,9.92071,9.9225,9.92293,9.92201,9.91971,9.91606,9.91105,9.90467,9.89694,9.88784,9.87739,9.86559,9.85243,9.83791,9.82205,9.80484,9.78628,9.76638,9.74513,9.72255,9.69864,9.67339,9.64682,9.61892,9.5897,9.55916,9.52731,9.49416,9.4597,9.42394,9.38688,9.34854,9.30891,9.26801,9.22583,9.18239,9.13768,9.09172,9.04451,8.99606,8.94637,8.89546,8.84332,8.78997,8.73541,8.67965,8.62269,8.56456,8.50524,8.44476,8.38312,8.32032,8.25638,8.19131,8.12511,8.05779,7.98937,7.91985,7.84924,7.77755,7.70479,7.63097,7.5561,7.4802,7.40326,7.32531,7.24634,7.16639,7.08544,7.00352,6.92064,6.8368,6.75203,6.66632,6.5797,6.49217,6.40374,6.31444,6.22426,6.13323,6.04135,5.94865,5.85512,5.76078,5.66565,5.56974,5.47306,5.37562,5.27745,5.17854,5.07892,4.9786,4.8776,4.77592,4.67357,4.57059,4.46697,4.36273,4.2579,4.15247,4.04646,3.9399,3.83279,3.72515,3.617,3.50834,3.3992,3.28958,3.17951,3.06899,2.95805,2.8467,2.73495,2.62282,2.51032,2.39748,2.2843,2.17079,2.05699,1.94289,1.82853,1.7139,1.59904,1.48394,1.36864,1.25314,1.13746,1.02162,0.905637,0.789519,0.673284,0.55695,0.440532,0.324045,0.207507,0.0909324,-0.0256625,-0.142262,-0.25885,-0.37541,-0.491927,-0.608385,-0.724767,-0.841059,-0.957244,-1.07331,-1.18923,-1.305,-1.4206,-1.53601,-1.65122,-1.76621,-1.88098,-1.99549,-2.10973,-2.2237,-2.33737,-2.45073,-2.56377,-2.67646,-2.78879,-2.90076,-3.01233,-3.1235,-3.23425,-3.34457,-3.45444,-3.56385,-3.67278,-3.78121,-3.88914,-3.99654,-4.10341,-4.20972,-4.31547,-4.42063,-4.52521,-4.62917,-4.7325,-4.8352,-4.93725,-5.03863,-5.13933,-5.23934,-5.33864,-5.43722,-5.53507,-5.63217,-5.7285,-5.82407,-5.91884,-6.01282,-6.10598,-6.19832,-6.28982,-6.38047,-6.47026,-6.55917,-6.6472,-6.73432,-6.82054,-6.90583,-6.99018,-7.07359,-7.15605,-7.23753,-7.31803,-7.39755,-7.47606,-7.55356,-7.63003,-7.70548,-7.77987,-7.85322,-7.9255,-7.99671,-8.06683,-8.13586,-8.20379,-8.27061,-8.3363,-8.40087,-8.46429,-8.52657,-8.5877,-8.64766,-8.70644,-8.76405,-8.82047,-8.87569,-8.92971,-8.98252,-9.03411,-9.08447,-9.1336,-9.1815,-9.22815,-9.27354,-9.31768,-9.36056,-9.40217,-9.4425,-9.48155,-9.51931,-9.55578,-9.59096,-9.62483,-9.6574,-9.68866,-9.71861,-9.74723,-9.77454,-9.80051,-9.82516,-9.84848,-9.87045,-9.89109,-9.91039,-9.92834,-9.94495,-9.9602,-9.97411,-9.98666,-9.99785,-10.0077,-10.0162,-10.0233,-10.0291,-10.0335,-10.0365,-10.0382,-10.0385,-10.0374,-10.035,-10.0313,-10.0261,-10.0196,-10.0118,-10.0026,-9.99201,-9.98008,-9.9668,-9.95217,-9.93619,-9.91886,-9.90019,-9.88017,-9.85881,-9.83611,-9.81208,-9.78672,-9.76003,-9.73201,-9.70268,-9.67203,-9.64006,-9.60679,-9.57222,-9.53634,-9.49918,-9.46072,-9.42098,-9.37996,-9.33768,-9.29412,-9.2493,-9.20323,-9.15591,-9.10735,-9.05756,-9.00653,-8.95429,-8.90083,-8.84616,-8.79029,-8.73323,-8.67499,-8.61557,-8.55499,-8.49324,-8.43034,-8.3663,-8.30113,-8.23483,-8.16741,-8.09889,-8.02927,-7.95856,-7.88678,-7.81392,-7.74001,-7.66505,-7.58905,-7.51202,-7.43398,-7.35492,-7.27488,-7.19384,-7.11184,-7.02887,-6.94494,-6.86008,-6.77429,-6.68759,-6.59998,-6.51147,-6.42209,-6.33184,-6.24073,-6.14877,-6.05599,-5.96238,-5.86797,-5.77277,-5.67679,-5.58004,-5.48254,-5.38429,-5.28532,-5.18564,-5.08526,-4.98419,-4.88245,-4.78005,-4.677,-4.57332,-4.46903,-4.36414,-4.25866,-4.1526,-4.04599,-3.93883,-3.83114,-3.72294,-3.61424,-3.50505,-3.39539,-3.28528,-3.17472,-3.06374,-2.95235,-2.84057,-2.7284,-2.61587,-2.50299,-2.38978,-2.27625,-2.16242,-2.0483,-1.93391,-1.81926,-1.70437,-1.58926,-1.47393,-1.35842,-1.24273,-1.12687,-1.01087,-0.894741,-0.778496,-0.662153,-0.545728,-0.429237,-0.312694,-0.196117,-0.0795211,0.0370777,0.153664,0.27022,0.386732,0.503184,0.619558,0.73584,0.852014,0.968064,1.08397,1.19973,1.31531,1.4307,1.54589,1.66087,1.7756,1.89009,2.00431,2.11825,2.23189,2.34522,2.45822,2.57088,2.68318,2.79511,2.90664,3.01777,3.12849,3.23876,3.34859,3.45795,3.56683,3.67522,3.78309,3.89044,3.99726,4.10352,4.20921,4.31432,4.41883,4.52273,4.62601,4.72864,4.83063,4.93194,5.03258,5.13252,5.23175,5.33026,5.42803,5.52506,5.62132,5.71681,5.8115,5.9054,5.99849,6.09074,6.18216,6.27273,6.36243,6.45125,6.53919,6.62622,6.71235,6.79755,6.88181,6.96513,7.04749,7.12887,7.20928,7.28869,7.36711,7.4445,7.52088,7.59622,7.67051,7.74375,7.81593,7.88703,7.95704,8.02596,8.09378,8.16048,8.22607,8.29052,8.35383,8.416,8.477,8.53685,8.59552,8.653,8.7093,8.7644,8.8183,8.87099,8.92246,8.9727,9.02171,9.06948,9.116,9.16127,9.20528,9.24803,9.28951,9.32971,9.36863,9.40626,9.4426,9.47765,9.51139,9.54383,9.57495,9.60477,9.63326,9.66043,9.68627,9.71078,9.73396,9.7558,9.7763,9.79546,9.81328,9.82975,9.84486,9.85863,9.87104,9.8821,9.8918,9.90014,9.90712,9.91275,9.91701,9.91991,9.92144,9.92162,9.92043,9.91788,9.91397,9.9087,9.90207,9.89407,9.88472,9.87401,9.86195,9.84853,9.83376,9.81764,9.80017,9.78136,9.7612,9.7397,9.71687,9.6927,9.66719,9.64037,9.61221,9.58274,9.55195,9.51985,9.48644,9.45173,9.41573,9.37842,9.33983,9.29996,9.25881,9.21639,9.1727,9.12775,9.08155,9.0341,8.98541,8.93548,8.88433,8.83195,8.77837,8.72357,8.66758,8.6104,8.55203,8.49249,8.43178,8.36991,8.30689,8.24273,8.17744,8.11102,8.04349,7.97485,7.90511,7.83429,7.76239,7.68942,7.61539,7.54032,7.46421,7.38708,7.30892,7.22976,7.14961,7.06847,6.98636,6.90329,6.81927,6.73431,6.64842,6.56162,6.47391,6.38531,6.29583,6.20548,6.11428,6.02224,5.92937,5.83568,5.74118,5.64589,5.54983,5.453,5.35541,5.25709,5.15804,5.05828,4.95782,4.85668,4.75487,4.6524,4.54928,4.44554,4.34118,4.23622,4.13068,4.02456,3.91789,3.81067,3.70293,3.59467,3.48591,3.37667,3.26696,3.1568,3.0462,2.93517,2.82374,2.71191,2.59971,2.48714,2.37422,2.26097,2.14741,2.03354,1.91939,1.80497,1.6903,1.57538,1.46025,1.3449,1.22937,1.11366,0.997784,0.881769,0.765625,0.649369,0.533016,0.416583,0.300085,0.183538,0.0669579,-0.049639,-0.166237,-0.28282,-0.399373,-0.515879,-0.632322,-0.748687,-0.864958,-0.981119,-1.09715,-1.21305,-1.32878,-1.44434,-1.55971,-1.67488,-1.78983,-1.90454,-2.019,-2.13319,-2.24709,-2.3607,-2.474,-2.58696,-2.69958,-2.81184,-2.92372,-3.03521,-3.14629,-3.25696,-3.36718,-3.47696,-3.58626,-3.69509,-3.80342,-3.91124,-4.01853,-4.12528,-4.23148,-4.3371,-4.44214,-4.54659,-4.65042,-4.75362,-4.85618,-4.95809,-5.05933,-5.15989,-5.25975,-5.3589,-5.45732,-5.55501,-5.65195,-5.74812,-5.84352,-5.93813,-6.03193,-6.12492,-6.21708,-6.3084,-6.39887,-6.48847,-6.5772,-6.66503,-6.75196,-6.83798,-6.92307,-7.00723,-7.09043,-7.17268,-7.25395,-7.33425,-7.41355,-7.49184,-7.56912,-7.64538,-7.7206,-7.79477,-7.86789,-7.93994,-8.01091,-8.0808,-8.14959,-8.21728,-8.28386,-8.34931,-8.41363,-8.47681,-8.53884,-8.59971,-8.65942,-8.71795,-8.7753,-8.83146,-8.88642,-8.94018,-8.99272,-9.04404,-9.09414,-9.143,-9.19063,-9.237,-9.28213,-9.32599,-9.36859,-9.40992,-9.44997,-9.48874,-9.52622,-9.56241,-9.5973,-9.63089,-9.66317,-9.69414,-9.7238,-9.75214,-9.77915,-9.80483,-9.82919,-9.85221,-9.87389,-9.89424,-9.91324,-9.93089,-9.9472,-9.96216,-9.97576,-9.98801,-9.99891,-10.0084,-10.0166,-10.0234,-10.0289,-10.033,-10.0357,-10.0371,-10.0371,-10.0358,-10.0331,-10.029,-10.0236,-10.0168,-10.0086,-9.99909,-9.98822,-9.976,-9.96242,-9.94748,-9.9312,-9.91357,-9.89459,-9.87427,-9.85261,-9.82962,-9.80529,-9.77963,-9.75264,-9.72433,-9.69469,-9.66375,-9.63149,-9.59792,-9.56305,-9.52689,-9.48943,-9.45068,-9.41066,-9.36935,-9.32678,-9.28293,-9.23783,-9.19148,-9.14388,-9.09504,-9.04496,-8.99366,-8.94114,-8.8874,-8.83246,-8.77632,-8.71899,-8.66048,-8.6008,-8.53995,-8.47794,-8.41478,-8.35048,-8.28504,-8.21849,-8.15082,-8.08205,-8.01218,-7.94122,-7.86919,-7.79609,-7.72194,-7.64674,-7.5705,-7.49324,-7.41496,-7.33568,-7.2554,-7.17414,-7.09191,-7.00872,-6.92458,-6.83951,-6.75351,-6.66659,-6.57877,-6.49006,-6.40048,-6.31002,-6.21872,-6.12657,-6.03359,-5.9398,-5.84521,-5.74982,-5.65366,-5.55674,-5.45906,-5.36065,-5.26151,-5.16166,-5.06112,-4.95989,-4.85799,-4.75544,-4.65225,-4.54842,-4.44399,-4.33896,-4.23334,-4.12715,-4.02041,-3.91313,-3.80532,-3.697,-3.58818,-3.47888,-3.36911,-3.25889,-3.14824,-3.03716,-2.92568,-2.8138,-2.70155,-2.58893,-2.47598,-2.36269,-2.24908,-2.13518,-2.02099,-1.90654,-1.79183,-1.67689,-1.56173,-1.44636,-1.3308,-1.21507,-1.09918,-0.983144,-0.866986,-0.750716,
